"","date_utc","timestamp","title","text","subreddit","comments","url","cleaned_title","cleaned_text","Sentiment","Sentiment Full","SVM_Pred","Tree_Pred"
"1",45717,1740845366,"Tens of thousands of anti-government protesters hold rally ahead of Romania's election rerun","NA","europe",6,"https://www.reddit.com/r/europe/comments/1j12vzy/tens_of_thousands_of_antigovernment_protesters/","tens thousands anti government protesters hold rally ahead romania's election rerun","NA","I","Irrelevant","Irrelevant","Irrelevant"
"2",45714,1740551729,"This is Poland film about Poland from year 1940.","NA","europe",0,"https://www.reddit.com/r/europe/comments/1iyhbym/this_is_poland_film_about_poland_from_year_1940/","poland film poland 1940","NA","I","Irrelevant","Irrelevant","Irrelevant"
"3",45713,1740498870,"Rally in Srpska: We came to defend the president and Srpska (PHOTO/VIDEO)","NA","europe",3,"https://www.reddit.com/r/europe/comments/1ixy8ap/rally_in_srpska_we_came_to_defend_the_president/","rally srpska defend president srpska photo video","NA","I","Irrelevant","Oppose","Oppose"
"4",45713,1740476755,"The grants and loans given to Ukraine by different countries and international entities","NA","europe",6,"https://www.reddit.com/r/europe/comments/1ixrbj4/the_grants_and_loans_given_to_ukraine_by/","grants loans ukraine countries international entities","NA","N","Neutral","Neutral","Irrelevant"
"5",45717,1740853687,"You cant insult the country that protects you, says Italys deputy foreign minister (FdI)","NA","europe",34,"https://www.reddit.com/r/europe/comments/1j165wb/you_cant_insult_the_country_that_protects_you/","insult country protects italy deputy foreign minister fdi","NA","F","Favor","Favor","Oppose"
"6",45714,1740579121,"Freedomhouse  2025","NA","europe",75,"https://www.reddit.com/r/europe/comments/1iyoefr/freedomhouse_2025/","freedomhouse 2025","NA","I","Irrelevant","Irrelevant","Irrelevant"
"7",45719,1740995561,"How the EU distorts data to justify green deregulation","NA","europe",1,"https://www.reddit.com/r/europe/comments/1j2f84d/how_the_eu_distorts_data_to_justify_green/","eu distorts data justify green deregulation","NA","I","Irrelevant","Irrelevant","Irrelevant"
"8",45715,1740617794,"Zelensky to meet Trump in Washington to sign minerals deal","NA","europe",60,"https://www.reddit.com/r/europe/comments/1iz3fuh/zelensky_to_meet_trump_in_washington_to_sign/","zelensky meet trump washington sign minerals deal","NA","N","Neutral","Neutral","Irrelevant"
"9",45716,1740749548,"[OC] Who Supports Building of Nuclear Reactors across Europe?","NA","europe",2,"https://www.reddit.com/r/europe/comments/1j07qfr/oc_who_supports_building_of_nuclear_reactors/","oc supports building nuclear reactors europe","NA","I","Irrelevant","Irrelevant","Irrelevant"
"10",45718,1740888766,"European satellite launcher set for first commercial blast off","NA","europe",0,"https://www.reddit.com/r/europe/comments/1j1icn6/european_satellite_launcher_set_for_first/","european satellite launcher set commercial blast","NA","I","Irrelevant","Irrelevant","Irrelevant"
"11",45713,1740476908,"European Space Agency's Planetary Defence Office determines asteroid 2024 YR4 no longer poses significant impact risk","NA","europe",0,"https://www.reddit.com/r/europe/comments/1ixrcuk/european_space_agencys_planetary_defence_office/","european space agency's planetary defence office determines asteroid 2024 yr4 poses significant impact risk","NA","I","Irrelevant","Irrelevant","Irrelevant"
"12",45716,1740771319,"Pope has 'isolated' breathing crisis in hospital, Vatican says","NA","europe",8,"https://www.reddit.com/r/europe/comments/1j0g74j/pope_has_isolated_breathing_crisis_in_hospital/","pope isolated breathing crisis hospital vatican","NA","I","Irrelevant","Irrelevant","Irrelevant"
"13",45714,1740576676,"Turkish Havelsan to provide training systems for UAE pilots","NA","europe",2,"https://www.reddit.com/r/europe/comments/1iynkco/turkish_havelsan_to_provide_training_systems_for/","turkish havelsan provide training systems uae pilots","NA","I","Irrelevant","Irrelevant","Irrelevant"
"14",45719,1741030177,"UK-France tensions over plan to seize $350bn Russia assets for US arms | Ukraine","NA","europe",57,"https://www.reddit.com/r/europe/comments/1j2r42p/ukfrance_tensions_over_plan_to_seize_350bn_russia/","uk france tensions plan seize 350bn russia assets arms ukraine","NA","F","Favor","Favor","Oppose"
"15",45719,1741030267,"Norway Premier Rejects EU Membership Debate as Too Polarizing","NA","europe",38,"https://www.reddit.com/r/europe/comments/1j2r5fr/norway_premier_rejects_eu_membership_debate_as/","norway premier rejects eu membership debate polarizing","NA","I","Irrelevant","Oppose","Oppose"
"16",45713,1740526838,"Türkiye launches $262M financial leasing support for defense industry","NA","europe",2,"https://www.reddit.com/r/europe/comments/1iy9gwm/türkiye_launches_262m_financial_leasing_support/","türkiye launches 262m financial leasing support defense industry","NA","I","Irrelevant","Irrelevant","Irrelevant"
"17",45713,1740491125,"Putin offers to sell minerals to Trump, including from Russian-occupied Ukraine","NA","europe",20,"https://www.reddit.com/r/europe/comments/1ixvc3a/putin_offers_to_sell_minerals_to_trump_including/","putin offers sell minerals trump including russian occupied ukraine","NA","F","Favor","Favor","Irrelevant"
"18",45719,1741005365,"A weekend of frantic talks - where does it leave Zelensky, Trump and Europe","NA","europe",0,"https://www.reddit.com/r/europe/comments/1j2hort/a_weekend_of_frantic_talks_where_does_it_leave/","weekend frantic talks leave zelensky trump europe","NA","N","Neutral","Neutral","Neutral"
"19",45715,1740666121,"Libya's Haftar Meets French President Macron In Paris","NA","europe",5,"https://www.reddit.com/r/europe/comments/1izgvpv/libyas_haftar_meets_french_president_macron_in/","libya's haftar meets french president macron paris","NA","I","Irrelevant","Irrelevant","Oppose"
"20",45716,1740777352,"Similar to the U.S, France is seeking access to Ukraine's minerals; says its in talks.","NA","europe",7,"https://www.reddit.com/r/europe/comments/1j0ijk5/similar_to_the_us_france_is_seeking_access_to/","similar u.s france seeking access ukraine's minerals talks","NA","F","Favor","Favor","Oppose"
"21",45715,1740665298,"France joining the U.S. in seeking access to Ukraines minerals; says its in talks","NA","europe",15,"https://www.reddit.com/r/europe/comments/1izgljv/france_joining_the_us_in_seeking_access_to/","france joining u.s seeking access ukraine minerals talks","NA","F","Favor","Favor","Oppose"
"22",45713,1740522216,"Keir Starmer cuts aid to fund hike in defence spending","NA","europe",31,"https://www.reddit.com/r/europe/comments/1iy7pei/keir_starmer_cuts_aid_to_fund_hike_in_defence/","keir starmer cuts aid fund hike defence spending","NA","F","Favor","Favor","Irrelevant"
"23",45718,1740923196,"Germany: SPD eye victory in Hamburg state election  DW  03/02/2025","NA","europe",9,"https://www.reddit.com/r/europe/comments/1j1r6wf/germany_spd_eye_victory_in_hamburg_state_election/","germany spd eye victory hamburg election dw 03 02 2025","NA","I","Irrelevant","Irrelevant","Irrelevant"
"24",45715,1740684216,"Its 5 minutes to midnight for Germanys economy, Bundesbank chief warns after central banks first loss in 45 years","NA","europe",81,"https://www.reddit.com/r/europe/comments/1izo2lf/its_5_minutes_to_midnight_for_germanys_economy/","5 minutes midnight germany economy bundesbank chief warns central bank loss 45","NA","I","Irrelevant","Irrelevant","Irrelevant"
"25",45713,1740487073,"Turkish main opposition CHP inches ahead ruling AK Party in new poll","NA","europe",9,"https://www.reddit.com/r/europe/comments/1ixtzyv/turkish_main_opposition_chp_inches_ahead_ruling/","turkish main opposition chp inches ahead ruling ak party poll","NA","I","Irrelevant","Irrelevant","Irrelevant"
"26",45716,1740777171,"Allies Must Work With Zelenskiy After Spat With Trump, Canadas Joly Says","NA","europe",2,"https://www.reddit.com/r/europe/comments/1j0ih4r/allies_must_work_with_zelenskiy_after_spat_with/","allies zelenskiy spat trump canada joly","NA","O","Oppose","Oppose","Oppose"
"27",45715,1740687198,"Housing crisis is as big a threat to the EU as Russia, Barcelona mayor says","NA","europe",39,"https://www.reddit.com/r/europe/comments/1izp934/housing_crisis_is_as_big_a_threat_to_the_eu_as/","housing crisis threat eu russia barcelona mayor","NA","I","Irrelevant","Irrelevant","Irrelevant"
"28",45714,1740550957,"Serbian police raid offices of watchdogs, seek evidence on USAID donations","NA","europe",7,"https://www.reddit.com/r/europe/comments/1iyh51v/serbian_police_raid_offices_of_watchdogs_seek/","serbian police raid offices watchdogs seek evidence usaid donations","NA","O","Oppose","Favor","Oppose"
"29",45716,1740757569,"The European Space Agency invites you to watch Ariane 6's second flight on March 3rd.","NA","europe",12,"https://www.reddit.com/r/europe/comments/1j0aojr/the_european_space_agency_invites_you_to_watch/","european space agency invites watch ariane 6 flight march 3rd","NA","I","Irrelevant","Irrelevant","Irrelevant"
"30",45714,1740588440,"Finland's Pasi Rajala [State Secretary to the Minister of Foreign Affairs] to Newsmax: Putin Does Not Want Peace","NA","europe",7,"https://www.reddit.com/r/europe/comments/1iyrz63/finlands_pasi_rajala_state_secretary_to_the/","finland's pasi rajala secretary minister foreign affairs newsmax putin peace","NA","O","Oppose","Oppose","Oppose"
"31",45718,1740936190,"Norway says it will keep supplying fuel to US navy after company calls for boycott","NA","europe",49,"https://www.reddit.com/r/europe/comments/1j1w27q/norway_says_it_will_keep_supplying_fuel_to_us/","norway supplying fuel navy company calls boycott","NA","F","Favor","Favor","Irrelevant"
"32",45718,1740915944,"A Letter From the King","NA","europe",0,"https://www.reddit.com/r/europe/comments/1j1p3f0/a_letter_from_the_king/","letter king","NA","I","Irrelevant","Irrelevant","Irrelevant"
"33",45714,1740571116,"Shipowners have made £4.8bn selling tankers to Russian shadow fleet","NA","europe",5,"https://www.reddit.com/r/europe/comments/1iylvf4/shipowners_have_made_48bn_selling_tankers_to/","shipowners 4.8bn selling tankers russian shadow fleet","NA","N","Neutral","Neutral","Neutral"
"34",45713,1740477658,"Macron wants a ceasefire with clear security guarantees for Ukraine","NA","europe",16,"https://www.reddit.com/r/europe/comments/1ixrj85/macron_wants_a_ceasefire_with_clear_security/","macron ceasefire security guarantees ukraine","NA","O","Oppose","Oppose","Irrelevant"
"35",45718,1740928540,"Moldovan president, Maia Sandu with Romanian (interim) president, Ilie Bolojan in Chiinu","NA","europe",3,"https://www.reddit.com/r/europe/comments/1j1t248/moldovan_president_maia_sandu_with_romanian/","moldovan president maia sandu romanian interim president ilie bolojan chi","NA","I","Irrelevant","Irrelevant","Irrelevant"
"36",45718,1740922697,"This is how many more soldiers and investments Europe needs to protect itself without the US","NA","europe",175,"https://www.reddit.com/r/europe/comments/1j1r145/this_is_how_many_more_soldiers_and_investments/","soldiers investments europe protect","NA","O","Oppose","Oppose","Oppose"
"37",45714,1740591775,"Europe begins to worry about US-controlled clouds","NA","europe",114,"https://www.reddit.com/r/europe/comments/1iytcej/europe_begins_to_worry_about_uscontrolled_clouds/","europe begins worry controlled clouds","NA","O","Oppose","Oppose","Irrelevant"
"38",45718,1740952324,"Which country poses the greatest threat to Turkey?","NA","europe",494,"https://www.reddit.com/r/europe/comments/1j22j13/which_country_poses_the_greatest_threat_to_turkey/","country poses threat turkey","NA","I","Irrelevant","Irrelevant","Oppose"
"39",45718,1740907856,"Orbáns pro-peace government becomes largest EU financier of Russias war","NA","europe",40,"https://www.reddit.com/r/europe/comments/1j1n5cs/orbáns_propeace_government_becomes_largest_eu/","orbán pro peace government largest eu financier russia war","NA","O","Oppose","Oppose","Oppose"
"40",45714,1740584057,"Milan, 22/2/2025","NA","europe",35,"https://www.reddit.com/r/europe/comments/1iyq84o/milan_2222025/","milan 22 2 2025","NA","I","Irrelevant","Irrelevant","Irrelevant"
"41",45715,1740647838,"Trump refuses to guarantee Ukraines security after signing minerals deal","NA","europe",307,"https://www.reddit.com/r/europe/comments/1izbrj4/trump_refuses_to_guarantee_ukraines_security/","trump refuses guarantee ukraine security signing minerals deal","NA","O","Oppose","Oppose","Oppose"
"42",45719,1740994794,"Europe markets choppy as defense shares soar; Thales jumps 14%; BAE Systems up 15%","NA","europe",70,"https://www.reddit.com/r/europe/comments/1j2f232/europe_markets_choppy_as_defense_shares_soar/","europe markets choppy defense shares soar thales jumps 14 bae systems 15","NA","N","Neutral","Neutral","Favor"
"43",45713,1740510022,"A nice February morning in Copenhagen, Denmark","NA","europe",4,"https://www.reddit.com/r/europe/comments/1iy2sfz/a_nice_february_morning_in_copenhagen_denmark/","nice february morning copenhagen denmark","NA","I","Irrelevant","Irrelevant","Irrelevant"
"44",45716,1740730141,"Some pictures from yesterday's protest in Novi Pazar (Serbia)","NA","europe",78,"https://www.reddit.com/r/europe/comments/1j02t6d/some_pictures_from_yesterdays_protest_in_novi/","pictures yesterday's protest novi pazar serbia","NA","I","Irrelevant","Irrelevant","Favor"
"45",45717,1740865163,"UK to provide $2.8 billion loan to Ukraine backed by frozen Russian assets","NA","europe",57,"https://www.reddit.com/r/europe/comments/1j1ai7h/uk_to_provide_28_billion_loan_to_ukraine_backed/","uk provide 2.8 billion loan ukraine frozen russian assets","NA","N","Neutral","Neutral","Irrelevant"
"46",45716,1740726804,"Architecture of Gyumri (the unofficial Art capital of Armenia).","NA","europe",8,"https://www.reddit.com/r/europe/comments/1j022bb/architecture_of_gyumri_the_unofficial_art_capital/","architecture gyumri unofficial art capital armenia","NA","I","Irrelevant","Irrelevant","Irrelevant"
"47",45716,1740770760,"Macrons told-you-so moment","NA","europe",53,"https://www.reddit.com/r/europe/comments/1j0fz5d/macrons_toldyouso_moment/","macron told moment","NA","N","Neutral","Neutral","Oppose"
"48",45713,1740487627,"Starmer commits to raising UK defence spending to 2.5% of GDP by 2027","NA","europe",46,"https://www.reddit.com/r/europe/comments/1ixu5w3/starmer_commits_to_raising_uk_defence_spending_to/","starmer commits raising uk defence spending 2.5 gdp 2027","NA","F","Favor","Favor","Irrelevant"
"49",45719,1741028767,"German citizen, 40, identified as Mannheim suspect after two killed as car driven into crowd  as it happened","NA","europe",148,"https://www.reddit.com/r/europe/comments/1j2qj7w/german_citizen_40_identified_as_mannheim_suspect/","german citizen 40 identified mannheim suspect killed car driven crowd happened","NA","I","Irrelevant","Irrelevant","Irrelevant"
"50",45717,1740792088,"KISS FI/ST by Matylda Damicka","NA","europe",4,"https://www.reddit.com/r/europe/comments/1j0ntdj/kiss_fiOst_by_matylda_damicka/","kiss fi st matylda dami cka","NA","I","Irrelevant","Irrelevant","Irrelevant"
"51",45718,1740912832,"Kremlin Says U.S. Foreign Policy Shift Aligns With Its Own Vision","NA","europe",279,"https://www.reddit.com/r/europe/comments/1j1obw7/kremlin_says_us_foreign_policy_shift_aligns_with/","kremlin u.s foreign policy shift aligns vision","NA","F","Favor","Favor","Oppose"
"52",45718,1740945908,"33 European defense companies which are in the world's top 100 list by their defence revenue","NA","europe",466,"https://www.reddit.com/r/europe/comments/1j1zzv5/33_european_defense_companies_which_are_in_the/","33 european defense companies world's top 100 list defence revenue","NA","N","Neutral","Neutral","Irrelevant"
"53",45716,1740782080,"Italy calls for 'immediate' summit between US, Europe following Zelensky-Trump clash","NA","europe",468,"https://www.reddit.com/r/europe/comments/1j0kbi4/italy_calls_for_immediate_summit_between_us/","italy calls summit europe zelensky trump clash","NA","N","Neutral","Neutral","Irrelevant"
"54",45716,1740727656,"EU hits back hard at Trumps claim that bloc 'screws' the US","NA","europe",136,"https://www.reddit.com/r/europe/comments/1j0296x/eu_hits_back_hard_at_trumps_claim_that_bloc/","eu hits hard trump claim bloc screws","NA","O","Oppose","Oppose","Oppose"
"55",45716,1740782397,"Now more than ever","NA","europe",28,"https://www.reddit.com/r/europe/comments/1j0kfso/now_more_than_ever/",NA,"NA","I","Irrelevant","Irrelevant","Irrelevant"
"56",45714,1740607209,"Italys Meloni wants security guarantees for Ukraine peace deal","NA","europe",116,"https://www.reddit.com/r/europe/comments/1iyzkg4/italys_meloni_wants_security_guarantees_for/","italys meloni security guarantees ukraine peace deal","NA","O","Oppose","Irrelevant","Irrelevant"
"57",45714,1740603409,"If Canada Wants a Plan B for Trade, Europe Could Be the Answer","NA","europe",138,"https://www.reddit.com/r/europe/comments/1iyy22n/if_canada_wants_a_plan_b_for_trade_europe_could/","canada plan trade europe answer","NA","O","Oppose","Oppose","Oppose"
"58",45718,1740955274,"Cover of DER SPIEGEL (22/02)","NA","europe",45,"https://www.reddit.com/r/europe/comments/1j23o8w/cover_of_der_spiegel_2202/","cover der spiegel 22 02","NA","I","Irrelevant","Irrelevant","Irrelevant"
"59",45713,1740506391,"Germanys Social Democrats Open to ¬200 Billion for Defense Fund","NA","europe",117,"https://www.reddit.com/r/europe/comments/1iy1afj/germanys_social_democrats_open_to_200_billion_for/","germany social democrats 200 billion defense fund","NA","F","Favor","Favor","Oppose"
"60",45713,1740513154,"Russia will not return to the G7, German finance minister says","NA","europe",75,"https://www.reddit.com/r/europe/comments/1iy424h/russia_will_not_return_to_the_g7_german_finance/","russia return g7 german finance minister","NA","N","Neutral","Neutral","Irrelevant"
"61",45717,1740841745,"Zelenskyy seeks support at emergency European summit after bruising Trump encounter","NA","europe",86,"https://www.reddit.com/r/europe/comments/1j11iqv/zelenskyy_seeks_support_at_emergency_european/","zelenskyy seeks support emergency european summit bruising trump encounter","NA","O","Oppose","Oppose","Oppose"
"62",45719,1741010537,"Saab wins $159 million cruise missile maintenance order from Germany","NA","europe",57,"https://www.reddit.com/r/europe/comments/1j2jbgx/saab_wins_159_million_cruise_missile_maintenance/","saab wins 159 million cruise missile maintenance germany","NA","I","Irrelevant","Neutral","Irrelevant"
"63",45713,1740466459,"Massive gathering in Sofia, Bulgaria commemorating the 3 years since the russian invasion.","NA","europe",21,"https://www.reddit.com/r/europe/comments/1ixoymq/massive_gathering_in_sofia_bulgaria_commemorating/","massive gathering sofia bulgaria commemorating 3 russian invasion","NA","N","Neutral","Neutral","Irrelevant"
"64",45716,1740770974,"Zelenskyy statement after leaving the White House","NA","europe",10427,"https://www.reddit.com/r/europe/comments/1j0g26n/zelenskyy_statement_after_leaving_the_white_house/","zelenskyy statement leaving white house","NA","N","Neutral","Neutral","Irrelevant"
"65",45718,1740953406,"Zelenskyy's POV","NA","europe",806,"https://www.reddit.com/r/europe/comments/1j22y8q/zelenskyys_pov/","zelenskyy's pov","NA","N","Neutral","Irrelevant","Irrelevant"
"66",45719,1741009313,"Trump makes it to the cover of French magazine Le Point as ""The Man from Moscow""","NA","europe",1706,"https://www.reddit.com/r/europe/comments/1j2iwv3/trump_makes_it_to_the_cover_of_french_magazine_le/","trump makes cover french magazine le moscow","NA","O","Oppose","Oppose","Oppose"
"67",45716,1740781219,"It's pretty dark time right now. Let this picture be a light in our darkness.","NA","europe",413,"https://www.reddit.com/r/europe/comments/1j0jzvd/its_pretty_dark_time_right_now_let_this_picture/","pretty dark time picture light darkness","NA","N","Neutral","Neutral","Neutral"
"68",45714,1740592068,"The Effect Trump Is Having On Uniting Europe Is Actually Really Uplifting","NA","europe",644,"https://www.reddit.com/r/europe/comments/1iytgqo/the_effect_trump_is_having_on_uniting_europe_is/","effect trump uniting europe uplifting","NA","F","Favor","Favor","Irrelevant"
"69",45715,1740696962,"The staggering sacrifice Ukraine is going through, may it ends as fast as possible.","NA","europe",732,"https://www.reddit.com/r/europe/comments/1izt06s/the_staggering_sacrifice_ukraine_is_going_through/","staggering sacrifice ukraine fast","NA","N","Neutral","Neutral","Irrelevant"
"70",45719,1740984500,"Zelensky replied: I am not playing cards.","NA","europe",252,"https://www.reddit.com/r/europe/comments/1j2cqgi/zelensky_replied_i_am_not_playing_cards/","zelensky replied playing cards","NA","N","Neutral","Neutral","Irrelevant"
"71",45719,1740992018,"The rides of today's carnival parade in Cologne (Germany) with a clear message","NA","europe",61,"https://www.reddit.com/r/europe/comments/1j2efqt/the_rides_of_todays_carnival_parade_in_cologne/","rides today's carnival parade cologne germany message","NA","N","Neutral","Neutral","Irrelevant"
"72",45714,1740592527,"Elon Musk's business empire is built on $38 billion in government funding","NA","politics",14,"https://www.reddit.com/r/politics/comments/1iytnhy/elon_musks_business_empire_is_built_on_38_billion/","elon musk's business empire built 38 billion government funding","NA","O","Oppose","Irrelevant","Irrelevant"
"73",45713,1740501093,"Consumer confidence sinks to 8-month low on worries about inflation and Trump tariffs","NA","politics",16,"https://www.reddit.com/r/politics/comments/1ixz4db/consumer_confidence_sinks_to_8month_low_on/","consumer confidence sinks 8 month low worries inflation trump tariffs","NA","O","Oppose","Oppose","Oppose"
"74",45715,1740644577,"At Senate hearing, Trump Justice Department nominees are cagey on whether theyd follow court orders","NA","politics",11,"https://www.reddit.com/r/politics/comments/1izb1tz/at_senate_hearing_trump_justice_department/","senate hearing trump justice department nominees cagey follow court","NA","N","Neutral","Neutral","Irrelevant"
"75",45715,1740617939,"Justice Department tells judges it can't comply with court-ordered deadline to release frozen aid funding","NA","politics",30,"https://www.reddit.com/r/politics/comments/1iz3hkq/justice_department_tells_judges_it_cant_comply/","justice department tells judges comply court deadline release frozen aid funding","NA","F","Favor","Favor","Oppose"
"76",45715,1740616848,"Senate Republicans voice DOGE concerns in meeting with White House chief of staff","NA","politics",45,"https://www.reddit.com/r/politics/comments/1iz344b/senate_republicans_voice_doge_concerns_in_meeting/","senate republicans voice doge concerns meeting white house chief staff","NA","N","Neutral","Neutral","Oppose"
"77",45715,1740671080,"Jobless claims spike, in worrisome sign for the US labor market","NA","politics",33,"https://www.reddit.com/r/politics/comments/1iziqfo/jobless_claims_spike_in_worrisome_sign_for_the_us/","jobless claims spike worrisome sign labor market","NA","O","Oppose","Oppose","Irrelevant"
"78",45717,1740870578,"Historian analyzes devolving relations between U.S. and Ukraine after Oval Office spat","NA","politics",29,"https://www.reddit.com/r/politics/comments/1j1chus/historian_analyzes_devolving_relations_between_us/","historian analyzes devolving relations u.s ukraine oval office spat","NA","O","Oppose","Oppose","Oppose"
"79",45713,1740461619,"US refuses to blame Russia for Ukraine war, splitting with European allies in UN votes","NA","politics",62,"https://www.reddit.com/r/politics/comments/1ixnpno/us_refuses_to_blame_russia_for_ukraine_war/","refuses blame russia ukraine war splitting european allies votes","NA","O","Oppose","Oppose","Oppose"
"80",45715,1740670878,"Idaho marijuana possession fine to exceed penalties for many violent crimes","NA","politics",23,"https://www.reddit.com/r/politics/comments/1izinia/idaho_marijuana_possession_fine_to_exceed/","idaho marijuana possession fine exceed penalties violent crimes","NA","O","Oppose","Irrelevant","Oppose"
"81",45718,1740938068,"The Guardian view on a tax war: the world must unite against American obstruction","NA","politics",4,"https://www.reddit.com/r/politics/comments/1j1wtqj/the_guardian_view_on_a_tax_war_the_world_must/","guardian view tax war world unite american obstruction","NA","O","Oppose","Oppose","Oppose"
"82",45713,1740522598,"The White House is now deciding who can cover the president, reversing decades of precedent","NA","politics",15,"https://www.reddit.com/r/politics/comments/1iy7uq1/the_white_house_is_now_deciding_who_can_cover_the/","white house deciding cover president reversing decades precedent","NA","O","Oppose","Neutral","Oppose"
"83",45719,1740974591,"US suspends offensive cyber operations against Russia, senior US official says","NA","politics",13,"https://www.reddit.com/r/politics/comments/1j2a2hp/us_suspends_offensive_cyber_operations_against/","suspends offensive cyber operations russia senior official","NA","F","Favor","Favor","Oppose"
"84",45715,1740699674,"Why The Right Hates Social Security (And How They Plan to Destroy It)","NA","politics",43,"https://www.reddit.com/r/politics/comments/1iztzbb/why_the_right_hates_social_security_and_how_they/","hates social security plan destroy","NA","O","Oppose","Oppose","Irrelevant"
"85",45714,1740534959,"US House Republicans advance Trump's tax cut plan","NA","politics",119,"https://www.reddit.com/r/politics/comments/1iycaw7/us_house_republicans_advance_trumps_tax_cut_plan/","house republicans advance trump's tax cut plan","NA","F","Favor","Favor","Favor"
"86",45715,1740617922,"How to Leak Under the Trump Administration","NA","politics",10,"https://www.reddit.com/r/politics/comments/1iz3hds/how_to_leak_under_the_trump_administration/","leak trump administration","NA","O","Oppose","Oppose","Oppose"
"87",45719,1741031599,"France's prime minister tears into Trump's attack on Zelenskyy as a staggering show of 'brutality'","NA","politics",6,"https://www.reddit.com/r/politics/comments/1j2rooz/frances_prime_minister_tears_into_trumps_attack/","france's prime minister tears trump's attack zelenskyy staggering brutality","NA","O","Oppose","Oppose","Oppose"
"88",45719,1741020574,"Robert F. Kennedy Jr. bars public comment in rulemaking process at DHS","NA","politics",16,"https://www.reddit.com/r/politics/comments/1j2n4s4/robert_f_kennedy_jr_bars_public_comment_in/","robert kennedy jr bars public comment rulemaking process dhs","NA","N","Neutral","Neutral","Neutral"
"89",45719,1740970815,"When Big Oil Says Jump, Republicans Ask How High?' GOP Sends Climate-Killing Bill to Trump's Desk | Common Dreams","NA","politics",11,"https://www.reddit.com/r/politics/comments/1j28x64/when_big_oil_says_jump_republicans_ask_how_high/","oil jump republicans gop sends climate killing bill trump's desk common dreams","NA","I","Irrelevant","Irrelevant","Irrelevant"
"90",45716,1740714590,"No More Female 4-Stars: Franchetti Firing Leaves Top Ranks Filled by Men","NA","politics",15,"https://www.reddit.com/r/politics/comments/1izysqc/no_more_female_4stars_franchetti_firing_leaves/","female 4 stars franchetti firing leaves top ranks filled","NA","I","Irrelevant","Irrelevant","Irrelevant"
"91",45714,1740546081,"Pro-Trump Prosecutor Brushed Off Arrest Warrant for MAGA Rep","NA","politics",12,"https://www.reddit.com/r/politics/comments/1iyfszl/protrump_prosecutor_brushed_off_arrest_warrant/","pro trump prosecutor brushed arrest warrant maga rep","NA","I","Irrelevant","Irrelevant","Irrelevant"
"92",45716,1740742509,"DHS quietly eliminates ban on surveillance based on sexual orientation and gender identity","NA","politics",31,"https://www.reddit.com/r/politics/comments/1j05njb/dhs_quietly_eliminates_ban_on_surveillance_based/","dhs quietly eliminates ban surveillance based sexual orientation gender identity","NA","I","Irrelevant","Irrelevant","Irrelevant"
"93",45719,1741034459,"A Lethal Mystery Illness Is Spreading in Congo. USAID Cuts Have Slowed the Response","NA","politics",32,"https://www.reddit.com/r/politics/comments/1j2su6k/a_lethal_mystery_illness_is_spreading_in_congo/","lethal mystery illness spreading congo usaid cuts slowed response","NA","I","Irrelevant","Irrelevant","Irrelevant"
"94",45713,1740505284,"Conservatives threaten to tank House budget vote needed to advance Trump agenda","NA","politics",49,"https://www.reddit.com/r/politics/comments/1iy0u5o/conservatives_threaten_to_tank_house_budget_vote/","conservatives threaten tank house budget vote advance trump agenda","NA","I","Irrelevant","Irrelevant","Irrelevant"
"95",45713,1740510210,"Judge gives Trump administration two days to unfreeze funds for US foreign aid","NA","politics",32,"https://www.reddit.com/r/politics/comments/1iy2vg7/judge_gives_trump_administration_two_days_to/","judge trump administration days unfreeze funds foreign aid","NA","N","Neutral","Irrelevant","Irrelevant"
"96",45717,1740848423,"The Backlash Is Here: Trump Supporters Beg Right-Wing Hosts To Stop DOGE Firings","NA","politics",39,"https://www.reddit.com/r/politics/comments/1j142s2/the_backlash_is_here_trump_supporters_beg/","backlash trump supporters beg wing hosts stop doge firings","NA","I","Irrelevant","Irrelevant","Oppose"
"97",45715,1740642198,"Trump Might Have to Ask Foes Like Trudeau for Emergency Eggs as Prices Soar","NA","politics",149,"https://www.reddit.com/r/politics/comments/1izaixy/trump_might_have_to_ask_foes_like_trudeau_for/","trump foes trudeau emergency eggs prices soar","NA","I","Irrelevant","Favor","Oppose"
"98",45713,1740509429,"DOGE Quietly Deletes the 5 Biggest Spending Cuts It Celebrated Last Week","NA","politics",15,"https://www.reddit.com/r/politics/comments/1iy2jsr/doge_quietly_deletes_the_5_biggest_spending_cuts/","doge quietly deletes 5 biggest spending cuts celebrated week","NA","I","Irrelevant","Irrelevant","Irrelevant"
"99",45719,1741011204,"Trump administration may exclude government spending from GDP, obscuring effect of Doge cuts","NA","politics",55,"https://www.reddit.com/r/politics/comments/1j2jjpr/trump_administration_may_exclude_government/","trump administration exclude government spending gdp obscuring effect doge cuts","NA","I","Irrelevant","Irrelevant","Irrelevant"
"100",45714,1740542851,"Teachers union sues over Trump administrations deadline to end school diversity programs","NA","politics",3,"https://www.reddit.com/r/politics/comments/1iyeuuu/teachers_union_sues_over_trump_administrations/","teachers union sues trump administration deadline school diversity programs","NA","I","Irrelevant","Irrelevant","Irrelevant"
"101",45716,1740710952,"DOGE work could 'cross extreme ethical and legal lines,' says former employee","NA","politics",25,"https://www.reddit.com/r/politics/comments/1izxotf/doge_work_could_cross_extreme_ethical_and_legal/","doge cross extreme ethical legal lines employee","NA","I","Irrelevant","Irrelevant","Irrelevant"
"102",45718,1740878182,"Zelenskyy embraced by British PM Starmer a day after clashing with Trump","NA","politics",25,"https://www.reddit.com/r/politics/comments/1j1f3fr/zelenskyy_embraced_by_british_pm_starmer_a_day/","zelenskyy embraced british pm starmer day clashing trump","NA","N","Neutral","Neutral","Irrelevant"
"103",45713,1740518796,"21 U.S. DOGE Service staffers resign over a refusal to 'jeopardize Americans' sensitive data,' letter says","NA","politics",9,"https://www.reddit.com/r/politics/comments/1iy6c24/21_us_doge_service_staffers_resign_over_a_refusal/","21 u.s doge service staffers resign refusal jeopardize americans sensitive data letter","NA","I","Irrelevant","Irrelevant","Oppose"
"104",45716,1740760446,"Trump Fails Basic Geography in Meeting with UK Prime Minister","NA","politics",26,"https://www.reddit.com/r/politics/comments/1j0bv53/trump_fails_basic_geography_in_meeting_with_uk/","trump fails basic geography meeting uk prime minister","NA","O","Oppose","Oppose","Oppose"
"105",45716,1740726400,"Iowa transgender erasure act is about fear, not protecting women","NA","politics",48,"https://www.reddit.com/r/politics/comments/1j01yyh/iowa_transgender_erasure_act_is_about_fear_not/","iowa transgender erasure act fear protecting women","NA","I","Irrelevant","Irrelevant","Irrelevant"
"106",45716,1740774258,"Investors unnerved by heated Trump-Zelensky Oval Office showdown","NA","politics",41,"https://www.reddit.com/r/politics/comments/1j0hch3/investors_unnerved_by_heated_trumpzelensky_oval/","investors unnerved heated trump zelensky oval office showdown","NA","O","Oppose","Oppose","Irrelevant"
"107",45719,1740979389,"US Treasury Department says it will not enforce anti-money laundering law","NA","politics",71,"https://www.reddit.com/r/politics/comments/1j2bfv5/us_treasury_department_says_it_will_not_enforce/","treasury department enforce anti money laundering law","NA","I","Irrelevant","Irrelevant","Irrelevant"
"108",45716,1740759754,"Speaker Mike Johnson Is Living in a D.C. House That Is the Center of a Pastors Secretive Influence Campaign","NA","politics",25,"https://www.reddit.com/r/politics/comments/1j0bktr/speaker_mike_johnson_is_living_in_a_dc_house_that/","speaker mike johnson living d.c house center pastor secretive influence campaign","NA","I","Irrelevant","Irrelevant","Irrelevant"
"109",45716,1740779076,"Wayback Machine Saves Thousands of Federal Webpages Amid Purge of Government Data Under Trump","NA","politics",5,"https://www.reddit.com/r/politics/comments/1j0j75i/wayback_machine_saves_thousands_of_federal/","wayback machine saves thousands federal webpages amid purge government data trump","NA","I","Irrelevant","Irrelevant","Irrelevant"
"110",45718,1740944947,"Maine faces federal investigation after Gov. Janet Mills tells Trump, 'See you in court'","NA","politics",25,"https://www.reddit.com/r/politics/comments/1j1zlwk/maine_faces_federal_investigation_after_gov_janet/","maine federal investigation gov janet mills tells trump court","NA","I","Irrelevant","Irrelevant","Irrelevant"
"111",45718,1740882747,"Justice Department broadens Jan. 6 pardons to cover gun, drug-related charges","NA","politics",84,"https://www.reddit.com/r/politics/comments/1j1gjkl/justice_department_broadens_jan_6_pardons_to/","justice department broadens jan 6 pardons cover gun drug related charges","NA","I","Irrelevant","Irrelevant","Irrelevant"
"112",45715,1740672458,"DOGE access to US intelligence secrets poses a national security threat, Democrats say","NA","politics",18,"https://www.reddit.com/r/politics/comments/1izjans/doge_access_to_us_intelligence_secrets_poses_a/","doge access intelligence secrets poses national security threat democrats","NA","I","Irrelevant","Irrelevant","Irrelevant"
"113",45716,1740775323,"DOJ spokesperson resigns, citing toxic work environment","NA","politics",14,"https://www.reddit.com/r/politics/comments/1j0hral/doj_spokesperson_resigns_citing_toxic_work/","doj spokesperson resigns citing toxic environment","NA","I","Irrelevant","Irrelevant","Irrelevant"
"114",45713,1740502826,"Progressives launch campaign against Trump, GOP tax agenda","NA","politics",10,"https://www.reddit.com/r/politics/comments/1ixzth8/progressives_launch_campaign_against_trump_gop/","progressives launch campaign trump gop tax agenda","NA","I","Irrelevant","Irrelevant","Irrelevant"
"115",45717,1740835592,"Deputy FBI Director Bongino repeatedly said pipe bombs planted ahead of Jan. 6 were inside job","NA","politics",74,"https://www.reddit.com/r/politics/comments/1j0zfbf/deputy_fbi_director_bongino_repeatedly_said_pipe/","deputy fbi director bongino repeatedly pipe bombs planted ahead jan 6 inside job","NA","I","Irrelevant","Irrelevant","Irrelevant"
"116",45719,1741008439,"Trump administration fires workers at NIH's Alzheimer's research center, including incoming director","NA","politics",32,"https://www.reddit.com/r/politics/comments/1j2immu/trump_administration_fires_workers_at_nihs/","trump administration fires workers nih's alzheimer's research center including incoming director","NA","I","Irrelevant","Irrelevant","Irrelevant"
"117",45714,1740581899,"US government spending has not slowed under Trump so far, data shows","NA","politics",25,"https://www.reddit.com/r/politics/comments/1iypeh5/us_government_spending_has_not_slowed_under_trump/","government spending slowed trump data","NA","I","Irrelevant","Irrelevant","Irrelevant"
"118",45715,1740696417,"Hey Elon: You Dont Just Ooopsie The Destruction Of Ebola Prevention","NA","politics",15,"https://www.reddit.com/r/politics/comments/1izssyn/hey_elon_you_dont_just_ooopsie_the_destruction_of/","hey elon don ooopsie destruction ebola prevention","NA","I","Irrelevant","Irrelevant","Irrelevant"
"119",45715,1740683844,"Trump Scrambling to Rehire Fired Bird Flu Experts Amid Egg Price Catastrophe","NA","politics",60,"https://www.reddit.com/r/politics/comments/1iznxda/trump_scrambling_to_rehire_fired_bird_flu_experts/","trump scrambling rehire fired bird flu experts amid egg price catastrophe","NA","I","Irrelevant","Irrelevant","Irrelevant"
"120",45715,1740668541,"Sorry, MAGA, but Trump is the most unpopular president in 70 years | Opinion","NA","politics",55,"https://www.reddit.com/r/politics/comments/1izhr6u/sorry_maga_but_trump_is_the_most_unpopular/","maga trump unpopular president 70 opinion","NA","I","Irrelevant","Irrelevant","Irrelevant"
"121",45713,1740511341,"White House says follow agency heads, not Musk, on employee directive","NA","politics",85,"https://www.reddit.com/r/politics/comments/1iy3bvl/white_house_says_follow_agency_heads_not_musk_on/","white house follow agency heads musk employee directive","NA","I","Irrelevant","Irrelevant","Irrelevant"
"122",45716,1740748106,"Amid Trumps threats, Quebecers changing travel plans could cost U.S. $3B","NA","politics",44,"https://www.reddit.com/r/politics/comments/1j07999/amid_trumps_threats_quebecers_changing_travel/","amid trump threats quebecers changing travel plans cost u.s 3b","NA","I","Irrelevant","Irrelevant","Neutral"
"123",45716,1740785832,"Zelensky Trolls Trump and Vance as He Breaks Silence on Oval Office Row","NA","politics",66,"https://www.reddit.com/r/politics/comments/1j0los0/zelensky_trolls_trump_and_vance_as_he_breaks/","zelensky trolls trump vance breaks silence oval office row","NA","N","Neutral","Neutral","Irrelevant"
"124",45713,1740493488,"Election systems feared to be vulnerable as Trump administration cuts workers tasked with security","NA","politics",23,"https://www.reddit.com/r/politics/comments/1ixw660/election_systems_feared_to_be_vulnerable_as_trump/","election systems feared vulnerable trump administration cuts workers tasked security","NA","I","Irrelevant","Irrelevant","Irrelevant"
"125",45716,1740775056,"Democratic National Committee Files Lawsuit Against Trump","NA","politics",33,"https://www.reddit.com/r/politics/comments/1j0hnkn/democratic_national_committee_files_lawsuit/","democratic national committee files lawsuit trump","NA","I","Irrelevant","Irrelevant","Irrelevant"
"126",45715,1740699117,"Speaker Mike Johnson, without evidence, pans town hall critics as paid protestors","NA","politics",63,"https://www.reddit.com/r/politics/comments/1iztsai/speaker_mike_johnson_without_evidence_pans_town/","speaker mike johnson evidence pans town hall critics paid protestors","NA","I","Irrelevant","Favor","Irrelevant"
"127",45717,1740815229,"A spectacle to horrify the world: what the papers say about Trump and Vances meeting with Zelenskyy","NA","politics",39,"https://www.reddit.com/r/politics/comments/1j0uci1/a_spectacle_to_horrify_the_world_what_the_papers/","spectacle horrify world papers trump vance meeting zelenskyy","NA","N","Neutral","Neutral","Oppose"
"128",45713,1740502267,"There Are Signs Trumps Policy Onslaught Is Starting to Hurt Markets","NA","politics",64,"https://www.reddit.com/r/politics/comments/1ixzlct/there_are_signs_trumps_policy_onslaught_is/","signs trump policy onslaught starting hurt markets","NA","I","Irrelevant","Irrelevant","Irrelevant"
"129",45713,1740494418,"Nearly 40% Of Contracts Canceled By DOGE Are Expected To Produce No Savings","NA","politics",54,"https://www.reddit.com/r/politics/comments/1ixwif6/nearly_40_of_contracts_canceled_by_doge_are/","40 contracts canceled doge expected produce savings","NA","I","Irrelevant","Irrelevant","Irrelevant"
"130",45719,1740979641,"Zelensky on Trump row: We are worthy of equal dialogue with US","NA","politics",54,"https://www.reddit.com/r/politics/comments/1j2bicl/zelensky_on_trump_row_we_are_worthy_of_equal/","zelensky trump row worthy equal dialogue","NA","O","Oppose","Irrelevant","Irrelevant"
"131",45718,1740936544,"Who Will Stand Against the Fascist Trump?","NA","politics",178,"https://www.reddit.com/r/politics/comments/1j1w7do/who_will_stand_against_the_fascist_trump/","stand fascist trump","NA","I","Irrelevant","Irrelevant","Irrelevant"
"132",45716,1740768921,"Trump Cuts Off Talks With Zelensky After Heated Meeting","NA","politics",668,"https://www.reddit.com/r/politics/comments/1j0f9kl/trump_cuts_off_talks_with_zelensky_after_heated/","trump cuts talks zelensky heated meeting","NA","O","Oppose","Favor","Irrelevant"
"133",45716,1740778785,"Bullying, berating Trump shows his worst self in Zelenskyy ambush","NA","politics",48,"https://www.reddit.com/r/politics/comments/1j0j3bf/bullying_berating_trump_shows_his_worst_self_in/","bullying berating trump worst zelenskyy ambush","NA","O","Oppose","Irrelevant","Irrelevant"
"134",45715,1740624141,"Chief Justice John Roberts pauses order for Trump admin to pay $2 billion in foreign aid by midnight","NA","politics",202,"https://www.reddit.com/r/politics/comments/1iz5jiz/chief_justice_john_roberts_pauses_order_for_trump/","chief justice john roberts pauses trump admin pay 2 billion foreign aid midnight","NA","O","Oppose","Oppose","Oppose"
"135",45714,1740591938,"An unvaccinated child has died in the Texas measles outbreak","NA","politics",410,"https://www.reddit.com/r/politics/comments/1iytet8/an_unvaccinated_child_has_died_in_the_texas/","unvaccinated child died texas measles outbreak","NA","I","Irrelevant","Irrelevant","Irrelevant"
"136",45714,1740579700,"House Democrat introduces bill to reinstate veterans fired from the federal government under Trump","NA","politics",108,"https://www.reddit.com/r/politics/comments/1iyolxa/house_democrat_introduces_bill_to_reinstate/","house democrat introduces bill reinstate veterans fired federal government trump","NA","I","Irrelevant","Irrelevant","Irrelevant"
"137",45713,1740485872,"Trumps Angry DOGE Defense Backfires at Presser as More Bad Polls Hit","NA","politics",189,"https://www.reddit.com/r/politics/comments/1ixtn4q/trumps_angry_doge_defense_backfires_at_presser_as/","trump angry doge defense backfires presser bad polls hit","NA","I","Irrelevant","Irrelevant","Irrelevant"
"138",45714,1740590388,"Minnesota MAGA power grab blocked by State Supreme Court","NA","politics",26,"https://www.reddit.com/r/politics/comments/1iysrr4/minnesota_maga_power_grab_blocked_by_state/","minnesota maga power grab blocked supreme court","NA","I","Irrelevant","Irrelevant","Irrelevant"
"139",45714,1740531300,"Trumps aluminum tariffs could cost 100,000 American jobs, US industry leader warns","NA","politics",128,"https://www.reddit.com/r/politics/comments/1iyb259/trumps_aluminum_tariffs_could_cost_100000/","trump aluminum tariffs cost 100,000 american jobs industry leader warns","NA","I","Irrelevant","Irrelevant","Irrelevant"
"140",45713,1740503596,"Conservatives threaten to tank House budget vote needed to advance Trump agenda","NA","politics",254,"https://www.reddit.com/r/politics/comments/1iy0593/conservatives_threaten_to_tank_house_budget_vote/","conservatives threaten tank house budget vote advance trump agenda","NA","I","Irrelevant","Irrelevant","Irrelevant"
"141",45718,1740933239,"America is going down: China can capitalise on damage caused by Trump, former PLA colonel says","NA","politics",123,"https://www.reddit.com/r/politics/comments/1j1uv8d/america_is_going_down_china_can_capitalise_on/","america china capitalise damage caused trump pla colonel","NA","I","Irrelevant","Irrelevant","Irrelevant"
"142",45715,1740658673,"FAA close to canceling $2.4 billion Verizon contract in favor of Musks Starlink","NA","politics",261,"https://www.reddit.com/r/politics/comments/1izeeyv/faa_close_to_canceling_24_billion_verizon/","faa close canceling 2.4 billion verizon contract favor musk starlink","NA","I","Irrelevant","Irrelevant","Irrelevant"
"143",45714,1740548357,"DOGE Secretly Changes Its Website After Being Caught in Huge Lies","NA","politics",49,"https://www.reddit.com/r/politics/comments/1iygg73/doge_secretly_changes_its_website_after_being/","doge secretly website caught huge lies","NA","I","Irrelevant","Irrelevant","Irrelevant"
"144",45718,1740921857,"Military spouses are being fired from federal jobs, raising concerns about force retention and readiness","NA","politics",150,"https://www.reddit.com/r/politics/comments/1j1qre0/military_spouses_are_being_fired_from_federal/","military spouses fired federal jobs raising concerns force retention readiness","NA","I","Irrelevant","Irrelevant","Irrelevant"
"145",45719,1740985248,"RFK Jr. urges people to get vaccinated amid deadly Texas outbreak","NA","politics",679,"https://www.reddit.com/r/politics/comments/1j2cww2/rfk_jr_urges_people_to_get_vaccinated_amid_deadly/","rfk jr urges people vaccinated amid deadly texas outbreak","NA","I","Irrelevant","Irrelevant","Irrelevant"
"146",45715,1740653202,"Elon Musk keeps tweeting the 'R-word.' Disability advocates say he needs to stop.","NA","politics",1005,"https://www.reddit.com/r/politics/comments/1izczun/elon_musk_keeps_tweeting_the_rword_disability/","elon musk tweeting word disability advocates stop","NA","I","Irrelevant","Irrelevant","Irrelevant"
"147",45717,1740801661,"Brace yourselves: whatever crazy, awful things Trump may have done to date, its only going to get worse","NA","politics",449,"https://www.reddit.com/r/politics/comments/1j0qrti/brace_yourselves_whatever_crazy_awful_things/","brace crazy awful trump date worse","NA","O","Oppose","Favor","Irrelevant"
"148",45713,1740490177,"No precedent: Judge bars DOGE from Education Dept. data over alleged unauthorized disclosure of millions of records","NA","politics",83,"https://www.reddit.com/r/politics/comments/1ixuzu0/no_precedent_judge_bars_doge_from_education_dept/","precedent judge bars doge education dept data alleged unauthorized disclosure millions records","NA","I","Irrelevant","Irrelevant","Irrelevant"
"149",45719,1741035156,"Its clear Donald Trump is now an agent of Vladimir Putin. American allies should be alarmed","NA","politics",184,"https://www.reddit.com/r/politics/comments/1j2t43q/its_clear_donald_trump_is_now_an_agent_of/","donald trump agent vladimir putin american allies alarmed","NA","O","Oppose","Irrelevant","Favor"
"150",45716,1740712687,"Russell Vought Wants to Burn the Government Down","NA","politics",237,"https://www.reddit.com/r/politics/comments/1izy836/russell_vought_wants_to_burn_the_government_down/","russell vought burn government","NA","I","Irrelevant","Irrelevant","Irrelevant"
"151",45716,1740772620,"Republican lawmaker on Trump-Zelensky meeting: A bad day for Americas foreign policy","NA","politics",202,"https://www.reddit.com/r/politics/comments/1j0gpbj/republican_lawmaker_on_trumpzelensky_meeting_a/","republican lawmaker trump zelensky meeting bad day america foreign policy","NA","O","Oppose","Oppose","Irrelevant"
"152",45716,1740781335,"Vance lit the fuse, and Trump exploded. Inside the historic Oval Office meltdown that could change the world","NA","politics",314,"https://www.reddit.com/r/politics/comments/1j0k1ig/vance_lit_the_fuse_and_trump_exploded_inside_the/","vance lit fuse trump exploded inside historic oval office meltdown change world","NA","N","Neutral","Irrelevant","Neutral"
"153",45715,1740654347,"Trump is the most unpopular president in more than 70 years. Sorry, MAGA. | Opinion","NA","politics",2120,"https://www.reddit.com/r/politics/comments/1izda14/trump_is_the_most_unpopular_president_in_more/","trump unpopular president 70 maga opinion","NA","I","Irrelevant","Irrelevant","Irrelevant"
"154",45713,1740502214,"Trump, 78, Shows Mysterious Large Bruise on Hand","NA","politics",4217,"https://www.reddit.com/r/politics/comments/1ixzkll/trump_78_shows_mysterious_large_bruise_on_hand/","trump 78 mysterious bruise hand","NA","I","Irrelevant","Irrelevant","Irrelevant"
"155",45717,1740868723,"Kansas senator's rural town hall meeting swamped by people mad at Trump administration","NA","politics",971,"https://www.reddit.com/r/politics/comments/1j1btzj/kansas_senators_rural_town_hall_meeting_swamped/","kansas senator's rural town hall meeting swamped people mad trump administration","NA","I","Irrelevant","Irrelevant","Irrelevant"
"156",45717,1740818280,"Elon Musk says 'I'm not a Nazi' and the online hate he gets in general is 'pretty stressful'","NA","politics",4899,"https://www.reddit.com/r/politics/comments/1j0v260/elon_musk_says_im_not_a_nazi_and_the_online_hate/","elon musk nazi online hate pretty stressful","NA","I","Irrelevant","Irrelevant","Irrelevant"
"157",45719,1740965894,"Bloodbath': Social Security Administration Begins Mass Firings","NA","politics",1463,"https://www.reddit.com/r/politics/comments/1j27cx4/bloodbath_social_security_administration_begins/","bloodbath social security administration begins mass firings","NA","I","Irrelevant","Irrelevant","Irrelevant"
"158",45713,1740491092,"This Shocking Moment at a GOP Town Hall in Idaho Is a Foreboding Sign","NA","politics",889,"https://www.reddit.com/r/politics/comments/1ixvbnr/this_shocking_moment_at_a_gop_town_hall_in_idaho/","shocking moment gop town hall idaho foreboding sign","NA","I","Irrelevant","Irrelevant","Irrelevant"
"159",45713,1740526273,"Democratic congressman punished for calling Trump grifter in chief","NA","politics",412,"https://www.reddit.com/r/politics/comments/1iy99j7/democratic_congressman_punished_for_calling_trump/","democratic congressman punished calling trump grifter chief","NA","I","Irrelevant","Irrelevant","Irrelevant"
"160",45717,1740846503,"Musks Purges Suddenly Take a Horrific Turnand Wreck an Ugly MAGA Lie","NA","politics",877,"https://www.reddit.com/r/politics/comments/1j13bjx/musks_purges_suddenly_take_a_horrific_turnand/","musk purges suddenly horrific wreck ugly maga lie","NA","I","Irrelevant","Irrelevant","Oppose"
"161",45718,1740926384,"Letter: Since when did we abandon our democratic partners in favor of dictators?","NA","politics",603,"https://www.reddit.com/r/politics/comments/1j1s9xv/letter_since_when_did_we_abandon_our_democratic/","letter abandon democratic partners favor dictators","NA","O","Oppose","Oppose","Irrelevant"
"162",45713,1740448423,"Frances Macron Brutally Fact Checks Trump to His Face","NA","politics",339,"https://www.reddit.com/r/politics/comments/1ixjj91/frances_macron_brutally_fact_checks_trump_to_his/","france macron brutally checks trump","NA","O","Oppose","Irrelevant","Irrelevant"
"163",45717,1740850760,"KÄL(2025t-MÓ_","L5©'¶3î","economy",2,"https://www.reddit.com/r/economy/comments/1j1503u/KÄL(2025t-MÓ_/","käl 2025t ó_","5 3î","I","Irrelevant","Irrelevant","Irrelevant"
"164",45717,1740867083,"Free Markets Work","NA","economy",0,"https://www.reddit.com/r/economy/comments/1j1b7zh/free_markets_work/","free markets","NA","I","Irrelevant","Irrelevant","Irrelevant"
"165",45715,1740678270,"Argentina beats the forecasts again. Lets hope the same thing happens in the USA.","NA","economy",0,"https://www.reddit.com/r/economy/comments/1izlnta/argentina_beats_the_forecasts_again_lets_hope_the/","argentina beats forecasts hope usa","NA","I","Irrelevant","Irrelevant","Irrelevant"
"166",45714,1740572943,"The 20 Best-Performing S&amp;P 500 Stocks (2005-2024)","NA","economy",0,"https://www.reddit.com/r/economy/comments/1iyme6f/the_20_bestperforming_sp_500_stocks_20052024/","20 performing amp 500 stocks 2005 2024","NA","I","Irrelevant","Irrelevant","Irrelevant"
"167",45714,1740535918,"US dollar wallows near 11-week low amid soft economic data, tariff worries","NA","economy",1,"https://www.reddit.com/r/economy/comments/1iycmos/us_dollar_wallows_near_11week_low_amid_soft/","dollar wallows 11 week low amid soft economic data tariff worries","NA","I","Irrelevant","Irrelevant","Irrelevant"
"168",45714,1740590004,"Its 5 minutes to midnight for Germanys economy, Bundesbank chief warns","NA","economy",1,"https://www.reddit.com/r/economy/comments/1iysm4a/its_5_minutes_to_midnight_for_germanys_economy/","5 minutes midnight germany economy bundesbank chief warns","NA","I","Irrelevant","Irrelevant","Oppose"
"169",45713,1740527142,"Social Security boost for more than 3.2 million coming in April, administrator says","NA","economy",0,"https://www.reddit.com/r/economy/comments/1iy9ktk/social_security_boost_for_more_than_32_million/","social security boost 3.2 million coming april administrator","NA","I","Irrelevant","Irrelevant","Irrelevant"
"170",45713,1740517788,"Consumers Under Attack Are Pulling Back, Wrangler Maker Says","NA","economy",1,"https://www.reddit.com/r/economy/comments/1iy5xdt/consumers_under_attack_are_pulling_back_wrangler/","consumers attack pulling wrangler maker","NA","I","Irrelevant","Irrelevant","Irrelevant"
"171",45712,1740441068,"DOGE Layoffs Bring Growing Risk To Economy And Markets, Economist Says","NA","economy",0,"https://www.reddit.com/r/economy/comments/1ixgxfc/doge_layoffs_bring_growing_risk_to_economy_and/","doge layoffs bring growing risk economy markets economist","NA","I","Irrelevant","Oppose","Irrelevant"
"172",45713,1740502480,"The many reasons egg prices are skyrocketing under Trump.","NA","economy",8,"https://www.reddit.com/r/economy/comments/1ixzofn/the_many_reasons_egg_prices_are_skyrocketing/","reasons egg prices skyrocketing trump","NA","I","Irrelevant","Irrelevant","Irrelevant"
"173",45716,1740745348,"Beef prices may rise as Canadian ranchers shrink cattle herds, fearing Trump tariffs","NA","economy",3,"https://www.reddit.com/r/economy/comments/1j06eqn/beef_prices_may_rise_as_canadian_ranchers_shrink/","beef prices rise canadian ranchers shrink cattle herds fearing trump tariffs","NA","I","Irrelevant","Irrelevant","Irrelevant"
"174",45717,1740864061,"Elon Musk and the DOGE Boy Clown Show","NA","economy",1,"https://www.reddit.com/r/economy/comments/1j1a3sw/elon_musk_and_the_doge_boy_clown_show/","elon musk doge boy clown","NA","I","Irrelevant","Irrelevant","Irrelevant"
"175",45719,1740969180,"US Farmers to Get First Tranche of $30 Billion to Fight Downturn","NA","economy",2,"https://www.reddit.com/r/economy/comments/1j28evl/us_farmers_to_get_first_tranche_of_30_billion_to/","farmers tranche 30 billion fight downturn","NA","I","Irrelevant","Irrelevant","Irrelevant"
"176",45719,1741022014,"DOGE Tries to Do Math Again and Makes $86B Mistake","NA","economy",98,"https://www.reddit.com/r/economy/comments/1j2nq8l/doge_tries_to_do_math_again_and_makes_86b_mistake/","doge math makes 86b mistake","NA","I","Irrelevant","Irrelevant","Irrelevant"
"177",45714,1740576765,"Elon Musk's business empire is built on $38 billion in government funding","NA","economy",27,"https://www.reddit.com/r/economy/comments/1iynlcz/elon_musks_business_empire_is_built_on_38_billion/","elon musk's business empire built 38 billion government funding","NA","I","Irrelevant","Irrelevant","Irrelevant"
"178",45719,1741013376,"The Bottom 50% of Household Wealth only has a combined 4 Trillion is assets, While the Top 1% has 49.2 Trillion of wealth!","NA","economy",25,"https://www.reddit.com/r/economy/comments/1j2kb8s/the_bottom_50_of_household_wealth_only_has_a/","bottom 50 household wealth combined 4 trillion assets top 1 49.2 trillion wealth","NA","I","Irrelevant","Irrelevant","Irrelevant"
"179",45715,1740669079,"DOGE says its saved $55 billion, itemized data show far less","NA","economy",53,"https://www.reddit.com/r/economy/comments/1izhygb/doge_says_its_saved_55_billion_itemized_data_show/","doge saved 55 billion itemized data","NA","I","Irrelevant","Irrelevant","Irrelevant"
"180",45715,1740623707,"Egg prices in America continue to spike to all-time highs","NA","economy",38,"https://www.reddit.com/r/economy/comments/1iz5efb/egg_prices_in_america_continue_to_spike_to/","egg prices america continue spike time highs","NA","I","Irrelevant","Irrelevant","Irrelevant"
"181",45714,1740579907,"#ERROR!","NA","economy",8,"https://www.reddit.com/r/economy/comments/1iyooma/tesla_sheds_330_billion_in_market_cap_25_in/","è tesla sheds 330 billion market cap 25 february 2025","NA","I","Irrelevant","Irrelevant","Irrelevant"
"182",45719,1741029495,"Trump Attacks  Zelenskiy Again, States He Doesnt Actually Want Peace","NA","ukraine",20,"https://www.reddit.com/r/ukraine/comments/1j2qtvi/trump_attacks_zelenskiy_again_states_he_doesnt/","trump attacks zelenskiy doesn peace","NA","N","Neutral","Neutral","Neutral"
"183",45716,1740772093,"Ukraine in maps: Tracking the war with Russia.","https://www.bbc.co.uk/news/world-europe-60506682","ukraine",2,"https://www.reddit.com/r/ukraine/comments/1j0ghvi/ukraine_in_maps_tracking_the_war_with_russia/","ukraine maps tracking war russia","https www.bbc.co.uk news world europe 60506682","I","Irrelevant","Irrelevant","Irrelevant"
"184",45717,1740855386,"As Multiple Supply Lines Activate, Kyiv's Best Artillery Blasts Away","NA","ukraine",0,"https://www.reddit.com/r/ukraine/comments/1j16trq/as_multiple_supply_lines_activate_kyivs_best/","multiple supply lines activate kyiv's artillery blasts","NA","I","Irrelevant","Irrelevant","Oppose"
"185",45718,1740937269,"US House Speaker says Zelenskyy may have to resign","NA","ukraine",44,"https://www.reddit.com/r/ukraine/comments/1j1whxb/us_house_speaker_says_zelenskyy_may_have_to_resign/","house speaker zelenskyy resign","NA","I","Irrelevant","Irrelevant","Irrelevant"
"186",45715,1740661782,"The premiere of a documentary film about volunteers who help Ukrainians took place in the Netherlands.","NA","ukraine",3,"https://www.reddit.com/r/ukraine/comments/1izfd76/the_premiere_of_a_documentary_film_about/","premiere documentary film volunteers ukrainians netherlands","NA","I","Irrelevant","Irrelevant","Irrelevant"
"187",45716,1740759558,"Russia interested in lifting US sanctions against oligarchs, energy exports, Zelensky's adviser says","NA","ukraine",10,"https://www.reddit.com/r/ukraine/comments/1j0bhwt/russia_interested_in_lifting_us_sanctions_against/","russia lifting sanctions oligarchs energy exports zelensky's adviser","NA","O","Oppose","Oppose","Oppose"
"188",45716,1740771985,"Inside Ukrainian mines that were key to failed Trump minerals deal","NA","ukraine",1,"https://www.reddit.com/r/ukraine/comments/1j0ggez/inside_ukrainian_mines_that_were_key_to_failed/","inside ukrainian mines key failed trump minerals deal","NA","I","Irrelevant","Irrelevant","Irrelevant"
"189",45716,1740767974,"Law Enforcers Prevent Terrorist Attack in Zhytomyr City Center","NA","ukraine",2,"https://www.reddit.com/r/ukraine/comments/1j0ewg2/law_enforcers_prevent_terrorist_attack_in/","law enforcers prevent terrorist attack zhytomyr city center","NA","I","Irrelevant","Irrelevant","Irrelevant"
"190",45717,1740792837,"Ukraine to receive Giraffe radars from Ireland - Euromaidan Press.","NA","ukraine",6,"https://www.reddit.com/r/ukraine/comments/1j0o1tv/ukraine_to_receive_giraffe_radars_from_ireland/","ukraine receive giraffe radars ireland euromaidan press","NA","I","Irrelevant","Irrelevant","Irrelevant"
"191",45717,1740795441,"Don't get mad, get donating. (You can still get mad)","https://u24.gov.ua/","ukraine",6,"https://www.reddit.com/r/ukraine/comments/1j0ov8m/dont_get_mad_get_donating_you_can_still_get_mad/","mad donating mad","https u24 gov.ua","I","Irrelevant","Irrelevant","Irrelevant"
"192",45713,1740517919,"Opinion: Zelenskyy is not a dictator","NA","ukraine",32,"https://www.reddit.com/r/ukraine/comments/1iy5z98/opinion_zelenskyy_is_not_a_dictator/","opinion zelenskyy dictator","NA","I","Irrelevant","Irrelevant","Irrelevant"
"193",45715,1740664389,"Ukrainian Civilian Light Aircraft Turned Into Combat Drone Bombs Russian Positions","NA","ukraine",2,"https://www.reddit.com/r/ukraine/comments/1izgaaf/ukrainian_civilian_light_aircraft_turned_into/","ukrainian civilian light aircraft combat drone bombs russian positions","NA","I","Irrelevant","Irrelevant","Irrelevant"
"194",45719,1741027690,"Zelenskyy: Peace Agreement to End War Remains Very, Very Far Away","NA","ukraine",4,"https://www.reddit.com/r/ukraine/comments/1j2q2wd/zelenskyy_peace_agreement_to_end_war_remains_very/","zelenskyy peace agreement war remains","NA","F","Favor","Favor","Oppose"
"195",45716,1740756553,"russian Nebo-M radar system, impaled on Tryzub.","NA","ukraine",2,"https://www.reddit.com/r/ukraine/comments/1j0aaeb/russian_nebom_radar_system_impaled_on_tryzub/","russian nebo radar system impaled tryzub","NA","I","Irrelevant","Irrelevant","Irrelevant"
"196",45714,1740588303,"More than 200 companies in Ukraine involved in ground drone production","NA","ukraine",1,"https://www.reddit.com/r/ukraine/comments/1iyrx5w/more_than_200_companies_in_ukraine_involved_in/","200 companies ukraine involved ground drone production","NA","I","Irrelevant","Irrelevant","Irrelevant"
"197",45713,1740489138,"Ukrainian intel drones destroy Russian equipment on Pokrovsk front - Footage released","NA","ukraine",1,"https://www.reddit.com/r/ukraine/comments/1ixun9g/ukrainian_intel_drones_destroy_russian_equipment/","ukrainian intel drones destroy russian equipment pokrovsk front footage released","NA","I","Irrelevant","Irrelevant","Irrelevant"
"198",45717,1740833487,"New USA Policy and Image in the World","NA","ukraine",10,"https://www.reddit.com/r/ukraine/comments/1j0ys4z/new_usa_policy_and_image_in_the_world/","usa policy image world","NA","I","Irrelevant","Irrelevant","Irrelevant"
"199",45719,1741004351,"Ukrainian Forces Target Rare Russian Malva Self-Propelled Gun","NA","ukraine",4,"https://www.reddit.com/r/ukraine/comments/1j2hejv/ukrainian_forces_target_rare_russian_malva/","ukrainian forces target rare russian malva propelled gun","NA","I","Irrelevant","Irrelevant","Irrelevant"
"200",45713,1740448455,"Vladimir Putin Dumps Cold Water on Trumps Bragging About Ukraine","NA","ukraine",97,"https://www.reddit.com/r/ukraine/comments/1ixjjmf/vladimir_putin_dumps_cold_water_on_trumps/","vladimir putin dumps cold water trump bragging ukraine","NA","I","Irrelevant","Irrelevant","Irrelevant"
"201",45717,1740842498,"Ukrainians rally around Zelenskyy as defender of Ukraine's interests after Oval Office blowout","NA","ukraine",3,"https://www.reddit.com/r/ukraine/comments/1j11ssc/ukrainians_rally_around_zelenskyy_as_defender_of/","ukrainians rally zelenskyy defender ukraine's oval office blowout","NA","I","Irrelevant","Favor","Irrelevant"
"202",45716,1740786721,"European leaders rush to back Zelenskyy after fiery meeting with Trump at White House  live","NA","ukraine",32,"https://www.reddit.com/r/ukraine/comments/1j0m0bv/european_leaders_rush_to_back_zelenskyy_after/","european leaders rush zelenskyy fiery meeting trump white house live","NA","I","Irrelevant","Irrelevant","Irrelevant"
"203",45713,1740490711,"UN adopts Ukraine's resolution condemning Russia's invasion  US, Russia, Belarus vote against","NA","ukraine",34,"https://www.reddit.com/r/ukraine/comments/1ixv6qy/un_adopts_ukraines_resolution_condemning_russias/","adopts ukraine's resolution condemning russia's invasion russia belarus vote","NA","O","Oppose","Irrelevant","Oppose"
"204",45713,1740445937,"Women account for 21% of applicants at Ukraine's army recruitment centers","NA","ukraine",6,"https://www.reddit.com/r/ukraine/comments/1ixiope/women_account_for_21_of_applicants_at_ukraines/","women account 21 applicants ukraine's army recruitment centers","NA","I","Irrelevant","Irrelevant","Irrelevant"
"205",45713,1740503618,"$2 Tuesday: Drone Jammer Parts to Keep Ukrainian Defenders Out of Harm's WayWe Need to Keep Going No Matter What (and we will)","NA","ukraine",4,"https://www.reddit.com/r/ukraine/comments/1iy05l4/2_tuesday_drone_jammer_parts_to_keep_ukrainian/","2 tuesday drone jammer ukrainian defenders harm's matter","NA","I","Irrelevant","Irrelevant","Irrelevant"
"206",45719,1741027341,"From Adversaries To Allies: Two Chechen Soldiers Defect From Russian Army to Join Ukrainian Forces","NA","ukraine",4,"https://www.reddit.com/r/ukraine/comments/1j2pxji/from_adversaries_to_allies_two_chechen_soldiers/","adversaries allies chechen soldiers defect russian army join ukrainian forces","NA","I","Irrelevant","Irrelevant","Irrelevant"
"207",45714,1740598892,"Zelensky calls US-Ukraine minerals deal a framework as it emerges agreement has no security guarantees","NA","ukraine",26,"https://www.reddit.com/r/ukraine/comments/1iyw9d1/zelensky_calls_usukraine_minerals_deal_a/","zelensky calls ukraine minerals deal framework emerges agreement security guarantees","NA","F","Favor","Favor","Favor"
"208",45718,1740941425,"The real leaders of the free world &amp; President Zelenskyy","NA","ukraine",39,"https://www.reddit.com/r/ukraine/comments/1j1y6r1/the_real_leaders_of_the_free_world_president/","real leaders free world amp president zelenskyy","NA","I","Irrelevant","Irrelevant","Irrelevant"
"209",45714,1740547076,"'Ukraine shouldnt sign up to any deal, even if Trump blackmails you'': an interview with Gabrielius Landsbergis","NA","ukraine",48,"https://www.reddit.com/r/ukraine/comments/1iyg3gp/ukraine_shouldnt_sign_up_to_any_deal_even_if/","ukraine shouldn sign deal trump blackmails interview gabrielius landsbergis","NA","I","Irrelevant","Irrelevant","Irrelevant"
"210",45714,1740608998,"Destruction of Russian equipment and personnel in the Kursk region by Ukraine's SSO. [NOELREPORTS - NSFW]","NA","ukraine",21,"https://www.reddit.com/r/ukraine/comments/1iz09jh/destruction_of_russian_equipment_and_personnel_in/","destruction russian equipment personnel kursk region ukraine's sso noelreports nsfw","NA","N","Neutral","Neutral","Favor"
"211",45714,1740585491,"Trump cant eat here: a night at Londons top Ukrainian bistro","NA","ukraine",28,"https://www.reddit.com/r/ukraine/comments/1iyqsc1/trump_cant_eat_here_a_night_at_londons_top/","trump eat night london top ukrainian bistro","NA","I","Irrelevant","Irrelevant","Irrelevant"
"212",45717,1740846579,"Five Failures in the Oval Office - Timothy Snyder - Feb 28, 2025","NA","ukraine",27,"https://www.reddit.com/r/ukraine/comments/1j13cnt/five_failures_in_the_oval_office_timothy_snyder/","failures oval office timothy snyder feb 28 2025","NA","I","Irrelevant","Irrelevant","Irrelevant"
"213",45719,1740997200,"War ammunition production to begin in Denmark with Nammo plant reopening","NA","ukraine",7,"https://www.reddit.com/r/ukraine/comments/1j2flu6/war_ammunition_production_to_begin_in_denmark/","war ammunition production begin denmark nammo plant reopening","NA","I","Irrelevant","Irrelevant","Irrelevant"
"214",45717,1740792561,"Ukraine war briefing: Calls grow to spend all of Russias frozen billions on Ukrainian defence.","NA","ukraine",28,"https://www.reddit.com/r/ukraine/comments/1j0nyoe/ukraine_war_briefing_calls_grow_to_spend_all_of/","ukraine war briefing calls grow spend russia frozen billions ukrainian defence","NA","I","Irrelevant","Irrelevant","Irrelevant"
"215",45718,1740930699,"""You shouldn't have started it!""","NA","ukraine",7,"https://www.reddit.com/r/ukraine/comments/1j1tva6/you_shouldnt_have_started_it/","started","NA","I","Irrelevant","Irrelevant","Irrelevant"
"216",45717,1740794613,"The Truth","NA","ukraine",258,"https://www.reddit.com/r/ukraine/comments/1j0olwu/the_truth/","truth","NA","I","Irrelevant","Irrelevant","Irrelevant"
"217",45716,1740761508,"Volodymyr Zelensky showing to Donald Trump the photos of the Ukrainian POW's who returned from the Russian captivity","NA","ukraine",537,"https://www.reddit.com/r/ukraine/comments/1j0cagu/volodymyr_zelensky_showing_to_donald_trump_the/","volodymyr zelensky donald trump photos ukrainian pow's returned russian captivity","NA","I","Irrelevant","Irrelevant","Irrelevant"
"218",45713,1740515569,"Giorgia Meloni urging the US to support Ukraine","NA","ukraine",182,"https://www.reddit.com/r/ukraine/comments/1iy516e/giorgia_meloni_urging_the_us_to_support_ukraine/","giorgia meloni urging support ukraine","NA","F","Favor","Favor","Oppose"
"219",45716,1740779266,"Veteran British newscaster doesnt mince words over Zelensky's treatment in the Oval Office","NA","ukraine",86,"https://www.reddit.com/r/ukraine/comments/1j0j9rb/veteran_british_newscaster_doesnt_mince_words/","veteran british newscaster doesn mince words zelensky's treatment oval office","NA","I","Irrelevant","Irrelevant","Oppose"
"220",45716,1740736725,"Making Putin Happy Again "" desk russie","NA","geopolitics",7,"https://www.reddit.com/r/geopolitics/comments/1j049cw/making_putin_happy_again_desk_russie/","putin happy desk russie","NA","I","Irrelevant","Irrelevant","Irrelevant"
"221",45715,1740684030,"US and European Defense: Making a Virtue of Necessity","NA","geopolitics",5,"https://www.reddit.com/r/geopolitics/comments/1iznzzt/us_and_european_defense_making_a_virtue_of/","european defense virtue necessity","NA","I","Irrelevant","Irrelevant","Irrelevant"
"222",45716,1740780264,"Hamas Official Expresses Reservations About Oct. 7 Attack on Israel","NA","geopolitics",13,"https://www.reddit.com/r/geopolitics/comments/1j0jn8w/hamas_official_expresses_reservations_about_oct_7/","hamas official expresses reservations oct 7 attack israel","NA","I","Irrelevant","Irrelevant","Neutral"
"223",45713,1740514154,"US and Ukraine Mineral deal","NA","geopolitics",227,"https://www.reddit.com/r/geopolitics/comments/1iy4gol/us_and_ukraine_mineral_deal/","ukraine mineral deal","NA","I","Irrelevant","Irrelevant","Irrelevant"
"224",45713,1740473570,"Iran on high alert amid fears of attack on nuclear sites","NA","geopolitics",88,"https://www.reddit.com/r/geopolitics/comments/1ixqll1/iran_on_high_alert_amid_fears_of_attack_on/","iran alert amid fears attack nuclear sites","NA","I","Irrelevant","Irrelevant","Irrelevant"
"225",45718,1740887635,"UK pledges £2.26bn to Ukraine as Zelensky says it will be used for weapons","NA","geopolitics",86,"https://www.reddit.com/r/geopolitics/comments/1j1i0mx/uk_pledges_226bn_to_ukraine_as_zelensky_says_it/","uk pledges 2.26bn ukraine zelensky weapons","NA","I","Irrelevant","Favor","Favor"
"226",45714,1740605921,"Exclusive: The full text of the US-Ukraine mineral deal","NA","geopolitics",75,"https://www.reddit.com/r/geopolitics/comments/1iyz282/exclusive_the_full_text_of_the_usukraine_mineral/","exclusive text ukraine mineral deal","NA","I","Irrelevant","Irrelevant","Irrelevant"
"227",45719,1740964123,"Orban opposes Ukraines EU accession, claiming it would Hungary","NA","geopolitics",174,"https://www.reddit.com/r/geopolitics/comments/1j26sbr/orban_opposes_ukraines_eu_accession_claiming_it/","orban opposes ukraine eu accession claiming hungary","NA","O","Oppose","Oppose","Oppose"
"228",45718,1740942229,"The Baltic States Absence from the London Ukraine Summit Sends an Unsettling Signal to Moscow","NA","geopolitics",38,"https://www.reddit.com/r/geopolitics/comments/1j1yiq0/the_baltic_states_absence_from_the_london_ukraine/","baltic absence london ukraine summit sends unsettling signal moscow","NA","N","Neutral","Neutral","Irrelevant"
"229",45716,1740761389,"Accelerating USAID cuts devastate lifesaving programs, aid groups warn","NA","geopolitics",13,"https://www.reddit.com/r/geopolitics/comments/1j0c8q3/accelerating_usaid_cuts_devastate_lifesaving/","accelerating usaid cuts devastate lifesaving programs aid warn","NA","N","Neutral","Neutral","Irrelevant"
"230",45718,1740928214,"Israel Halts Aid to Gaza and Proposes New Framework for an End to the War","NA","geopolitics",29,"https://www.reddit.com/r/geopolitics/comments/1j1sxny/israel_halts_aid_to_gaza_and_proposes_new/","israel halts aid gaza proposes framework war","NA","I","Irrelevant","Irrelevant","Irrelevant"
"231",45719,1741022153,"As the U.S. Withdraws, Can China Take the Helm?","NA","geopolitics",70,"https://www.reddit.com/r/geopolitics/comments/1j2nsfk/as_the_us_withdraws_can_china_take_the_helm/","u.s withdraws china helm","NA","I","Irrelevant","Irrelevant","Irrelevant"
"232",45717,1740804327,"EUs top diplomat: The free world needs a new leader","NA","anime_titties",238,"https://www.reddit.com/r/anime_titties/comments/1j0rj8p/eus_top_diplomat_the_free_world_needs_a_new_leader/","eu top diplomat free world leader","NA","I","Irrelevant","Irrelevant","Irrelevant"
"233",45719,1740966351,"Macron: EU needs hundreds of billions in defense spending","NA","anime_titties",197,"https://www.reddit.com/r/anime_titties/comments/1j27i5h/macron_eu_needs_hundreds_of_billions_in_defense/","macron eu hundreds billions defense spending","NA","I","Irrelevant","Irrelevant","Irrelevant"
"234",45714,1740599266,"Netanyahu says Israel demands complete demilitarization of southern Syria","NA","anime_titties",500,"https://www.reddit.com/r/anime_titties/comments/1iyweme/netanyahu_says_israel_demands_complete/","netanyahu israel demands complete demilitarization southern syria","NA","I","Irrelevant","Irrelevant","Irrelevant"
"235",45716,1740722921,"Ukraines population is crashing imperiling future after the war","NA","anime_titties",203,"https://www.reddit.com/r/anime_titties/comments/1j014g5/ukraines_population_is_crashing_imperiling_future/","ukraine population crashing imperiling future war","NA","I","Irrelevant","Irrelevant","Irrelevant"
"236",45716,1740749678,"Israel and Hamas have begun negotiating next phase of Gaza ceasefire, Egypt says","NA","anime_titties",98,"https://www.reddit.com/r/anime_titties/comments/1j07ryb/israel_and_hamas_have_begun_negotiating_next/","israel hamas begun negotiating phase gaza ceasefire egypt","NA","I","Irrelevant","Irrelevant","Irrelevant"
"237",45719,1740995136,"USAID cuts threaten Ukraines mechanism to defend against Russian energy attacks","NA","anime_titties",59,"https://www.reddit.com/r/anime_titties/comments/1j2f4t1/usaid_cuts_threaten_ukraines_mechanism_to_defend/","usaid cuts threaten ukraine mechanism defend russian energy attacks","NA","O","Oppose","Neutral","Neutral"
"238",45714,1740593496,"Bundesbank President Joachim Nagel calls for reforms as German Bundesbank suffers ¬19 billion loss","NA","anime_titties",0,"https://www.reddit.com/r/anime_titties/comments/1iyu1ry/bundesbank_president_joachim_nagel_calls_for/","bundesbank president joachim nagel calls reforms german bundesbank suffers 19 billion loss","NA","I","Irrelevant","Irrelevant","Irrelevant"
"239",45715,1740625229,"Exclusive: The full text of the US-Ukraine mineral deal","NA","UkrainianConflict",6,"https://www.reddit.com/r/UkrainianConflict/comments/1iz5wc5/exclusive_the_full_text_of_the_usukraine_mineral/","exclusive text ukraine mineral deal","NA","I","Irrelevant","Irrelevant","Irrelevant"
"240",45714,1740591487,"Russia Develops Anti-Drone System with 24-barrel Turret","NA","UkrainianConflict",8,"https://www.reddit.com/r/UkrainianConflict/comments/1iyt7ym/russia_develops_antidrone_system_with_24barrel/","russia develops anti drone system 24 barrel turret","NA","I","Irrelevant","Irrelevant","Irrelevant"
"241",45714,1740554215,"Trump says Zelensky to visit White House after Ukraine 'agrees minerals deal with US'","NA","UkrainianConflict",8,"https://www.reddit.com/r/UkrainianConflict/comments/1iyhxfi/trump_says_zelensky_to_visit_white_house_after/","trump zelensky visit white house ukraine agrees minerals deal","NA","F","Favor","Favor","Oppose"
"242",45715,1740688702,"How Yura Borisov of Anora Went From the Kremlin to the Oscars","NA","UkrainianConflict",2,"https://www.reddit.com/r/UkrainianConflict/comments/1izpue8/how_yura_borisov_of_anora_went_from_the_kremlin/","yura borisov anora kremlin oscars","NA","I","Irrelevant","Irrelevant","Irrelevant"
"243",45717,1740864838,"The Slovak government will not support Ukraine financially or militarily to continue its war against Russia","NA","UkrainianConflict",24,"https://www.reddit.com/r/UkrainianConflict/comments/1j1adyc/the_slovak_government_will_not_support_ukraine/","slovak government support ukraine financially militarily continue war russia","NA","F","Favor","Favor","Irrelevant"
"244",45718,1740937334,"Come non fidarsi di un genio che sa trovare soluzioni semplici ed economiche a problemi, apparentemente, enormi","NA","UkrainianConflict",3,"https://www.reddit.com/r/UkrainianConflict/comments/1j1wixc/come_non_fidarsi_di_un_genio_che_sa_trovare/","fidarsi di genio che sa trovare soluzioni semplici ed economiche problemi apparentemente enormi","NA","I","Irrelevant","Irrelevant","Irrelevant"
"245",45718,1740935952,"Peace is not Zelenskyy's priority, Tulsi Gabbard says","NA","UkrainianConflict",18,"https://www.reddit.com/r/UkrainianConflict/comments/1j1vyoj/peace_is_not_zelenskyys_priority_tulsi_gabbard/","peace zelenskyy's priority tulsi gabbard","NA","I","Irrelevant","Irrelevant","Irrelevant"
"246",45717,1740825871,"US secretary of state says Zelenskyy should apologise for ''fiasco'' at White House","NA","UkrainianConflict",33,"https://www.reddit.com/r/UkrainianConflict/comments/1j0wttc/us_secretary_of_state_says_zelenskyy_should/","secretary zelenskyy apologise fiasco white house","NA","O","Oppose","Oppose","Oppose"
"247",45717,1740868821,"European Finance Minister Reveals Truth About Ukraine and Future of Europe","NA","UkrainianConflict",25,"https://www.reddit.com/r/UkrainianConflict/comments/1j1bvcd/european_finance_minister_reveals_truth_about/","european finance minister reveals truth ukraine future europe","NA","I","Irrelevant","Irrelevant","Irrelevant"
"248",45714,1740583501,"Skyeton introduces Remora guided munition","NA","UkrainianConflict",1,"https://www.reddit.com/r/UkrainianConflict/comments/1iyq0lw/skyeton_introduces_remora_guided_munition/","skyeton introduces remora guided munition","NA","I","Irrelevant","Irrelevant","Irrelevant"
"249",45719,1741038080,"Inflationary Pressure Forcing Russia to Overspend on Defense in 2025","NA","UkrainianConflict",3,"https://www.reddit.com/r/UkrainianConflict/comments/1j2uae3/inflationary_pressure_forcing_russia_to_overspend/","inflationary pressure forcing russia overspend defense 2025","NA","I","Irrelevant","Irrelevant","Irrelevant"
"250",45717,1740792789,"Trump may halt all military aid to Ukraine following Oval Office clash, WP reports","NA","UkrainianConflict",6,"https://www.reddit.com/r/UkrainianConflict/comments/1j0o1b9/trump_may_halt_all_military_aid_to_ukraine/","trump halt military aid ukraine oval office clash wp reports","NA","O","Oppose","Oppose","Irrelevant"
"251",45717,1740806744,"Zelensky being annoyed with trump for a minute straight","NA","UkrainianConflict",1,"https://www.reddit.com/r/UkrainianConflict/comments/1j0s7pg/zelensky_being_annoyed_with_trump_for_a_minute/","zelensky annoyed trump minute straight","NA","O","Oppose","Oppose","Oppose"
"252",45715,1740614833,"Economic deal between US and Ukraine will tie the countries together for years. Heres what it says","NA","UkrainianConflict",24,"https://www.reddit.com/r/UkrainianConflict/comments/1iz2eo2/economic_deal_between_us_and_ukraine_will_tie_the/","economic deal ukraine tie countries","NA","N","Neutral","Neutral","Irrelevant"
"253",45713,1740465523,"UN Security Council adopts US resolution on Russia-Ukraine war","NA","UkrainianConflict",3,"https://www.reddit.com/r/UkrainianConflict/comments/1ixoqhm/un_security_council_adopts_us_resolution_on/","security council adopts resolution russia ukraine war","NA","F","Favor","Favor","Favor"
"254",45715,1740673989,"Far from the front, Russians live with the normalization of war","NA","UkrainianConflict",2,"https://www.reddit.com/r/UkrainianConflict/comments/1izjx19/far_from_the_front_russians_live_with_the/","front russians live normalization war","NA","I","Irrelevant","Irrelevant","Irrelevant"
"255",45715,1740647707,"Steel Coffin: the 412th Regiment Ends russian T-80 Tanks Advance (Video)","NA","UkrainianConflict",1,"https://www.reddit.com/r/UkrainianConflict/comments/1izbqhc/steel_coffin_the_412th_regiment_ends_russian_t80/","steel coffin 412th regiment russian 80 tank advance video","NA","I","Irrelevant","Irrelevant","Irrelevant"
"256",45719,1741012545,"Starmer: Coalition of willing to guarantee Ukraine peace","NA","UkrainianConflict",3,"https://www.reddit.com/r/UkrainianConflict/comments/1j2k0mo/starmer_coalition_of_willing_to_guarantee_ukraine/","starmer coalition guarantee ukraine peace","NA","F","Favor","Favor","Neutral"
"257",45718,1740905428,"Zelensky officially dismisses Joint Forces Commander Andrii Hnatov, now serving in General Staff","NA","UkrainianConflict",4,"https://www.reddit.com/r/UkrainianConflict/comments/1j1ml8l/zelensky_officially_dismisses_joint_forces/","zelensky officially dismisses joint forces commander andrii hnatov serving staff","NA","I","Irrelevant","Irrelevant","Irrelevant"
"258",45713,1740490602,"US aligns with Russia in UN vote on Ukraine","NA","UkrainianConflict",1,"https://www.reddit.com/r/UkrainianConflict/comments/1ixv58k/us_aligns_with_russia_in_un_vote_on_ukraine/","aligns russia vote ukraine","NA","O","Oppose","Oppose","Irrelevant"
"259",45716,1740775039,"Captured North Koreans Describe Fighting for Russia in a War They Didnt Understand","NA","UkrainianConflict",1,"https://www.reddit.com/r/UkrainianConflict/comments/1j0hnc9/captured_north_koreans_describe_fighting_for/","captured north koreans describe fighting russia war didn understand","NA","I","Irrelevant","Irrelevant","Irrelevant"
"260",45713,1740476920,"AI in mine clearance: the Ministry of Defense has determined the location for a training ground","NA","UkrainianConflict",1,"https://www.reddit.com/r/UkrainianConflict/comments/1ixrcym/ai_in_mine_clearance_the_ministry_of_defense_has/","ai mine clearance ministry defense determined location training ground","NA","I","Irrelevant","Irrelevant","Irrelevant"
"261",45718,1740939821,"Russian troops keep Ukrainian logistics under fire control in Kursk Oblast  DeepState","NA","UkrainianConflict",1,"https://www.reddit.com/r/UkrainianConflict/comments/1j1xj8o/russian_troops_keep_ukrainian_logistics_under/","russian troops ukrainian logistics fire control kursk oblast deepstate","NA","I","Irrelevant","Irrelevant","Irrelevant"
"262",45715,1740661979,"More than 140 companies produce electronic warfare systems in Ukraine","NA","UkrainianConflict",1,"https://www.reddit.com/r/UkrainianConflict/comments/1izffu7/more_than_140_companies_produce_electronic/","140 companies produce electronic warfare systems ukraine","NA","I","Irrelevant","Irrelevant","Irrelevant"
"263",45719,1741019427,"Fire Breaks Out At Perm Powder Plant In Russia","NA","UkrainianConflict",2,"https://www.reddit.com/r/UkrainianConflict/comments/1j2mobq/fire_breaks_out_at_perm_powder_plant_in_russia/","fire breaks perm powder plant russia","NA","I","Irrelevant","Irrelevant","Oppose"
"264",45719,1741027156,"Trump calls Zelenskyy's claim that peace still far away 'the worst statement'","NA","UkrainianConflict",34,"https://www.reddit.com/r/UkrainianConflict/comments/1j2puoo/trump_calls_zelenskyys_claim_that_peace_still_far/","trump calls zelenskyy's claim peace worst statement","NA","O","Oppose","Neutral","Oppose"
"265",45713,1740490769,"Ukraine passes resolution on elections when there is 'sustainable peace' at 2nd attempt","NA","UkrainianConflict",3,"https://www.reddit.com/r/UkrainianConflict/comments/1ixv7jh/ukraine_passes_resolution_on_elections_when_there/","ukraine passes resolution elections sustainable peace 2nd attempt","NA","N","Neutral","Neutral","Neutral"
"266",45714,1740579240,"Zelenskyy Clarifies U.S. Natural Resources Deal: We Are Not Debtors","NA","UkrainianConflict",1,"https://www.reddit.com/r/UkrainianConflict/comments/1iyog13/zelenskyy_clarifies_us_natural_resources_deal_we/","zelenskyy clarifies u.s natural resources deal debtors","NA","N","Neutral","Neutral","Irrelevant"
"267",45719,1740999168,"Oil refinery in Ufa catches fire: authorities claim drone attack  video","NA","UkrainianConflict",1,"https://www.reddit.com/r/UkrainianConflict/comments/1j2g2fi/oil_refinery_in_ufa_catches_fire_authorities/","oil refinery ufa catches fire authorities claim drone attack video","NA","I","Irrelevant","Irrelevant","Irrelevant"
"268",45715,1740658231,"Would Europeans immigrate to Ukraine pos war to help rebuilt?","NA","UkrainianConflict",68,"https://www.reddit.com/r/UkrainianConflict/comments/1izeaha/would_europeans_immigrate_to_ukraine_pos_war_to/","europeans immigrate ukraine pos war rebuilt","NA","I","Irrelevant","Irrelevant","Irrelevant"
"269",45713,1740493708,"Ukrainian Armor has developed an FPV drone based on a 60-mm mine","NA","UkrainianConflict",2,"https://www.reddit.com/r/UkrainianConflict/comments/1ixw92f/ukrainian_armor_has_developed_an_fpv_drone_based/","ukrainian armor developed fpv drone based 60 mm mine","NA","I","Irrelevant","Irrelevant","Irrelevant"
"270",45715,1740676225,"Ukrainian Air Force hits Russian drone control point near Zaporizhzhia  map","NA","UkrainianConflict",1,"https://www.reddit.com/r/UkrainianConflict/comments/1izktyb/ukrainian_air_force_hits_russian_drone_control/","ukrainian air force hits russian drone control zaporizhzhia map","NA","I","Irrelevant","Irrelevant","Irrelevant"
"271",45714,1740576146,"Ukraine official says sending of North Korean POWs to South Korea 'possible'","NA","UkrainianConflict",6,"https://www.reddit.com/r/UkrainianConflict/comments/1iyndyx/ukraine_official_says_sending_of_north_korean/","ukraine official sending north korean pows south korea","NA","I","Irrelevant","Irrelevant","Irrelevant"
"272",45716,1740780744,"World Leaders React to Zelenskyy-Trump White House Meeting","NA","UkrainianConflict",41,"https://www.reddit.com/r/UkrainianConflict/comments/1j0jtky/world_leaders_react_to_zelenskyytrump_white_house/","world leaders react zelenskyy trump white house meeting","NA","N","Neutral","Neutral","Neutral"
"273",45713,1740513650,"UN resolution highlights diplomatic shift as South Africa votes for Ukraine amid US retreat","NA","UkrainianConflict",5,"https://www.reddit.com/r/UkrainianConflict/comments/1iy4993/un_resolution_highlights_diplomatic_shift_as/","resolution highlights diplomatic shift south africa votes ukraine amid retreat","NA","N","Neutral","Oppose","Irrelevant"
"274",45714,1740559236,"Ukrainian Special Operations Forces neutralize Russian unit, secure critical information  video","NA","UkrainianConflict",2,"https://www.reddit.com/r/UkrainianConflict/comments/1iyj2rm/ukrainian_special_operations_forces_neutralize/","ukrainian special operations forces neutralize russian unit secure critical information video","NA","I","Irrelevant","Irrelevant","Irrelevant"
"275",45717,1740825840,"The Record: US Halts Cyber Operations Against Russia","NA","UkrainianConflict",13,"https://www.reddit.com/r/UkrainianConflict/comments/1j0wtkx/the_record_us_halts_cyber_operations_against/","record halts cyber operations russia","NA","F","Favor","Favor","Neutral"
"276",45719,1741030623,"Norway Explores Using Worlds Largest Sovereign Wealth Fund to Support Ukraine","NA","UkrainianConflict",46,"https://www.reddit.com/r/UkrainianConflict/comments/1j2rant/norway_explores_using_worlds_largest_sovereign/","norway explores world largest sovereign wealth fund support ukraine","NA","F","Favor","Oppose","Irrelevant"
"277",45719,1741024711,"Trump threatens to lose patience as Europeans float proposals for Ukraine ceasefire","NA","UkrainianConflict",137,"https://www.reddit.com/r/UkrainianConflict/comments/1j2ou5g/trump_threatens_to_lose_patience_as_europeans/","trump threatens lose patience europeans float proposals ukraine ceasefire","NA","O","Oppose","Oppose","Oppose"
"278",45719,1741016562,"Merz Says White House Tense Debate Was a Calculated Escalation","NA","UkrainianConflict",21,"https://www.reddit.com/r/UkrainianConflict/comments/1j2lj9f/merz_says_white_house_tense_debate_was_a/","merz white house tense debate calculated escalation","NA","N","Neutral","Neutral","Irrelevant"
"279",45713,1740496769,"Zelenskyy is not a dictator","NA","UkrainianConflict",17,"https://www.reddit.com/r/UkrainianConflict/comments/1ixxeuz/zelenskyy_is_not_a_dictator/","zelenskyy dictator","NA","F","Favor","Favor","Favor"
"280",45718,1740906087,"UK to provide Ukraine with £2.26 billion for defense materials","NA","UkrainianConflict",2,"https://www.reddit.com/r/UkrainianConflict/comments/1j1mqun/uk_to_provide_ukraine_with_226_billion_for/","uk provide ukraine 2.26 billion defense materials","NA","F","Favor","Favor","Oppose"
"281",45719,1740997285,"Fire engulfs Russian oil refinery 900 miles from Ukraine after drones heard","NA","UkrainianConflict",6,"https://www.reddit.com/r/UkrainianConflict/comments/1j2fmiq/fire_engulfs_russian_oil_refinery_900_miles_from/","fire engulfs russian oil refinery 900 miles ukraine drones heard","NA","I","Irrelevant","Irrelevant","Irrelevant"
"282",45715,1740664631,"Ukrainian Troops Dont Like Trump Deal: ""If He Wants Our Minerals, We Want F-35s""","NA","UkrainianConflict",155,"https://www.reddit.com/r/UkrainianConflict/comments/1izgd71/ukrainian_troops_dont_like_trump_deal_if_he_wants/","ukrainian troops dont trump deal minerals 35s","NA","O","Oppose","Oppose","Oppose"
"283",45715,1740630784,"Finland to provide Ukraine with $691 in military equipment","NA","UkrainianConflict",123,"https://www.reddit.com/r/UkrainianConflict/comments/1iz7lyo/finland_to_provide_ukraine_with_691_in_military/","finland provide ukraine 691 military equipment","NA","F","Favor","Favor","Oppose"
"284",45716,1740713730,"Rutte announces NATO allies will provide Ukraine with billions more in aid","NA","UkrainianConflict",34,"https://www.reddit.com/r/UkrainianConflict/comments/1izyjfk/rutte_announces_nato_allies_will_provide_ukraine/","rutte announces nato allies provide ukraine billions aid","NA","F","Favor","Favor","Oppose"
"285",45715,1740654626,"EU demands a new military alliance","NA","UkrainianConflict",169,"https://www.reddit.com/r/UkrainianConflict/comments/1izdch9/eu_demands_a_new_military_alliance/","eu demands military alliance","NA","I","Irrelevant","Irrelevant","Irrelevant"
"286",45717,1740866835,"The Daily Beast Publishes, Then Deletes Story Alleging Trump Was Recruited by Soviet Spies","NA","UkrainianConflict",52,"https://www.reddit.com/r/UkrainianConflict/comments/1j1b4kl/the_daily_beast_publishes_then_deletes_story/","daily beast publishes deletes story alleging trump recruited soviet spies","NA","O","Oppose","Oppose","Irrelevant"
"287",45714,1740565598,"Ukraine war map shows Kyiv regain ground in two major strongholds","NA","UkrainianConflict",4,"https://www.reddit.com/r/UkrainianConflict/comments/1iykhsv/ukraine_war_map_shows_kyiv_regain_ground_in_two/","ukraine war map kyiv regain ground major strongholds","NA","I","Irrelevant","Oppose","Irrelevant"
"288",45716,1740770620,"Instant reaction to Trump and Zelenskyy's blazing row","NA","UkrainianConflict",157,"https://www.reddit.com/r/UkrainianConflict/comments/1j0fx6y/instant_reaction_to_trump_and_zelenskyys_blazing/","instant reaction trump zelenskyy's blazing row","NA","O","Oppose","Oppose","Oppose"
"289",45718,1740927589,"Can Ukraine and Europe Win Alone?","NA","UkrainianConflict",277,"https://www.reddit.com/r/UkrainianConflict/comments/1j1sp60/can_ukraine_and_europe_win_alone/","ukraine europe win","NA","N","Neutral","Neutral","Oppose"
"290",45717,1740797675,"US President Trump and Vice President Vance get in a heated argument with Ukrainian President Zelensky.","NA","RussiaUkraineWar2022",75,"https://www.reddit.com/r/RussiaUkraineWar2022/comments/1j0pkhq/us_president_trump_and_vice_president_vance_get/","president trump vice president vance heated argument ukrainian president zelensky","NA","O","Oppose","Irrelevant","Irrelevant"
"291",45717,1740846742,"Russia's chilling one word verdict on Trump and Zelensky's meeting exposed","NA","RussiaUkraineWar2022",8,"https://www.reddit.com/r/RussiaUkraineWar2022/comments/1j13eyr/russias_chilling_one_word_verdict_on_trump_and/","russia's chilling word verdict trump zelensky's meeting exposed","NA","O","Oppose","Oppose","Irrelevant"
"292",45717,1740840979,"UA POV- Zelensky insists US relationship can be saved - Novaya Gazeta","NA","UkraineRussiaReport",12,"https://www.reddit.com/r/UkraineRussiaReport/comments/1j118hh/ua_pov_zelensky_insists_us_relationship_can_be/","ua pov zelensky insists relationship saved novaya gazeta","NA","O","Oppose","Oppose","Irrelevant"
"293",45716,1740755071,"UA PoV - The Deep Strike Dodge: Firepower and Manpower in Ukraines War - War on the Rocks","NA","UkraineRussiaReport",5,"https://www.reddit.com/r/UkraineRussiaReport/comments/1j09plp/ua_pov_the_deep_strike_dodge_firepower_and/","ua pov deep strike dodge firepower manpower ukraine war war rocks","NA","I","Irrelevant","Irrelevant","Favor"
"294",45714,1740543289,"UA POV: Some Republicans Sharply Criticize Trumps Embrace of Russia at the UN - NYTimes","NA","UkraineRussiaReport",19,"https://www.reddit.com/r/UkraineRussiaReport/comments/1iyeztr/ua_pov_some_republicans_sharply_criticize_trumps/","ua pov republicans sharply criticize trump embrace russia nytimes","NA","O","Oppose","Oppose","Oppose"
"295",45715,1740641804,"RU POV: Destroyed UA M109A6 in Novyi, Sumy region.","NA","UkraineRussiaReport",1,"https://www.reddit.com/r/UkraineRussiaReport/comments/1izafuh/ru_pov_destroyed_ua_m109a6_in_novyi_sumy_region/","ru pov destroyed ua m109a6 novyi sumy region","NA","I","Irrelevant","Irrelevant","Irrelevant"
"296",45714,1740598836,"UA POV: Ukraine scrambles to find fresh fighters - Economist","NA","UkraineRussiaReport",22,"https://www.reddit.com/r/UkraineRussiaReport/comments/1iyw8is/ua_pov_ukraine_scrambles_to_find_fresh_fighters/","ua pov ukraine scrambles fresh fighters economist","NA","N","Neutral","Neutral","Favor"
"297",45717,1740853230,"UA POV: Zelensky ready to sign the deal. - Forbes","NA","UkraineRussiaReport",43,"https://www.reddit.com/r/UkraineRussiaReport/comments/1j15zde/ua_pov_zelensky_ready_to_sign_the_deal_forbes/","ua pov zelensky ready sign deal forbes","NA","N","Neutral","Irrelevant","Oppose"
"298",45714,1740594879,"UA POV: US will not give Ukraine security guarantees 'beyond very much', Trump says - Financial Times","NA","UkraineRussiaReport",20,"https://www.reddit.com/r/UkraineRussiaReport/comments/1iyumhv/ua_pov_us_will_not_give_ukraine_security/","ua pov ukraine security guarantees trump financial times","NA","O","Oppose","Oppose","Irrelevant"
"299",45714,1740598016,"UA POV: Three years into Ukraine war, Japan struggles to ensure steady LNG supply - japantimes","NA","UkraineRussiaReport",10,"https://www.reddit.com/r/UkraineRussiaReport/comments/1iyvwo4/ua_pov_three_years_into_ukraine_war_japan/","ua pov ukraine war japan struggles ensure steady lng supply japantimes","NA","I","Irrelevant","Irrelevant","Irrelevant"
"300",45715,1740645287,"RU POV: Fiber-optic drones strikes on UA cars. Kursk border.","NA","UkraineRussiaReport",1,"https://www.reddit.com/r/UkraineRussiaReport/comments/1izb7e6/ru_pov_fiberoptic_drones_strikes_on_ua_cars_kursk/","ru pov fiber optic drones strikes ua cars kursk border","NA","I","Irrelevant","Irrelevant","Irrelevant"
"301",45718,1740899379,"RU POV: Combat drone uses explosive cords from the Zmey Gorynych mine clearing system to  clear passage. (part II)","NA","UkraineRussiaReport",0,"https://www.reddit.com/r/UkraineRussiaReport/comments/1j1l62x/ru_pov_combat_drone_uses_explosive_cords_from_the/","ru pov combat drone explosive cords zmey gorynych mine clearing system passage ii","NA","I","Irrelevant","Irrelevant","Irrelevant"
"302",45714,1740553361,"RU POV: Aftermath of the ambushed MT-LB in Kursk from a few months ago.","NA","UkraineRussiaReport",21,"https://www.reddit.com/r/UkraineRussiaReport/comments/1iyhqc1/ru_pov_aftermath_of_the_ambushed_mtlb_in_kursk/","ru pov aftermath ambushed mt lb kursk months ago","NA","I","Irrelevant","Irrelevant","Irrelevant"
"303",45717,1740820934,"RU POV : You have to be more thankful! Without us you dont have any cards - Trump to Zelensky","NA","UkraineRussiaReport",65,"https://www.reddit.com/r/UkraineRussiaReport/comments/1j0vnzu/ru_pov_you_have_to_be_more_thankful_without_us/","ru pov thankful don cards trump zelensky","NA","O","Oppose","Oppose","Oppose"
"304",45718,1740899235,"RU POV: Combat drone uses explosive cords from the Zmey Gorynych mine clearing system to  clear passage. (part I)","NA","UkraineRussiaReport",4,"https://www.reddit.com/r/UkraineRussiaReport/comments/1j1l4ts/ru_pov_combat_drone_uses_explosive_cords_from_the/","ru pov combat drone explosive cords zmey gorynych mine clearing system passage","NA","I","Irrelevant","Irrelevant","Irrelevant"
"305",45715,1740645430,"RU POV: FPV drones targeted UA equipment and soldiers in the Kursk region.","NA","UkraineRussiaReport",5,"https://www.reddit.com/r/UkraineRussiaReport/comments/1izb8kq/ru_pov_fpv_drones_targeted_ua_equipment_and/","ru pov fpv drones targeted ua equipment soldiers kursk region","NA","I","Irrelevant","Irrelevant","Irrelevant"
"306",45715,1740642928,"RU POV: Drone ignored civilians and seeked military target","NA","UkraineRussiaReport",69,"https://www.reddit.com/r/UkraineRussiaReport/comments/1izaor0/ru_pov_drone_ignored_civilians_and_seeked/","ru pov drone civilians seeked military target","NA","I","Irrelevant","Irrelevant","Irrelevant"
"307",45715,1740684158,"RU POV: President Putin ""The European politicians will come, sit by Trumps leg and wiggle their tails "" - LORD BEBO","NA","UkraineRussiaReport",98,"https://www.reddit.com/r/UkraineRussiaReport/comments/1izo1tc/ru_pov_president_putin_the_european_politicians/","ru pov president putin european politicians sit trump leg wiggle tails lord bebo","NA","O","Oppose","Irrelevant","Irrelevant"
"308",45714,1740578769,"Ru POV: S-300 gets destroyed by a Iskander missile, Sumi region","NA","UkraineRussiaReport",53,"https://www.reddit.com/r/UkraineRussiaReport/comments/1iyoa0k/ru_pov_s300_gets_destroyed_by_a_iskander_missile/","ru pov 300 destroyed iskander missile sumi region","NA","I","Irrelevant","Irrelevant","Irrelevant"
"309",45718,1740922895,"Ru pov:A bunch of photos of a Russian soldier pinching the cheeks of Ukrainian POWs","NA","UkraineRussiaReport",207,"https://www.reddit.com/r/UkraineRussiaReport/comments/1j1r3de/ru_pova_bunch_of_photos_of_a_russian_soldier/","ru pov:a bunch photos russian soldier pinching cheeks ukrainian pows","NA","I","Irrelevant","Irrelevant","Irrelevant"
"310",45716,1740737295,"Ru pov:footage of ammunition delivery to the front line","NA","UkraineRussiaReport",42,"https://www.reddit.com/r/UkraineRussiaReport/comments/1j04e77/ru_povfootage_of_ammunition_delivery_to_the_front/","ru pov:footage ammunition delivery front line","NA","I","Irrelevant","Irrelevant","Irrelevant"
